Episodes,S3,S1,B3,B2,B1,S2,episode_len
43,9.623546511627907,9.527616279069768,10.513081395348838,10.556686046511627,9.838662790697674,9.940406976744185,4.558139534883721
89,9.805477528089888,9.63061797752809,10.373595505617978,10.400280898876405,9.995786516853933,9.794241573033707,4.49438202247191
129,9.4575,9.67375,10.286875,10.5225,9.986875,10.0725,4.55
169,9.5475,9.30125,10.701875,10.500625,10.700625,9.248125,4.87
213,9.5275,9.18375,10.87625,10.255,10.90125,9.25625,4.67
264,9.97125,9.843125,10.1725,10.346875,9.985625,9.680625,4.13
310,10.165625,9.636875,10.39,10.226875,9.80375,9.776875,4.18
359,10.313125,9.654375,10.31375,9.871875,10.090625,9.75625,4.12
394,9.945625,9.936875,9.96,9.92625,10.085625,10.145625,4.76
437,9.77375,10.078125,9.85625,10.459375,9.90125,9.93125,4.92
480,8.6625,9.93,10.976875,10.413125,10.23125,9.78625,4.75
519,8.926875,10.1425,11.19875,10.345,10.0275,9.359375,4.92
566,9.541875,9.435,10.449375,10.891875,10.25125,9.430625,4.66
608,9.005,9.30875,10.033125,10.990625,10.359375,10.303125,4.54
657,8.551875,9.565,10.00875,11.279375,10.514375,10.080625,4.36
699,9.1975,9.726875,10.44625,11.041875,10.40875,9.17875,4.38
747,9.71625,9.965,10.268125,10.36375,10.106875,9.58,4.54
788,9.2775,9.928125,10.463125,10.564375,9.889375,9.8775,4.43
835,9.22375,9.95875,10.4225,10.96625,10.151875,9.276875,4.4
879,9.661875,10.323125,10.27625,10.74375,9.788125,9.206875,4.4
920,9.76375,10.50375,9.746875,10.47375,9.360625,10.15125,4.62
961,10.01,10.023125,10.20625,10.4575,9.305625,9.9975,4.86
998,10.21875,9.690625,10.459375,10.0225,9.613125,9.995625,5.04
1030,10.503125,9.581875,10.715625,9.86125,9.056875,10.28125,5.45
1075,10.370625,9.145,10.29625,9.974375,9.8575,10.35625,5.15
1114,9.8175,9.388125,10.15125,10.231875,10.160625,10.250625,5.06
1150,9.813125,9.806875,10.409375,10.03125,10.271875,9.6675,5.15
1191,9.428125,9.8025,10.78625,10.223125,10.36125,9.39875,5.19
1235,9.49,9.21375,10.873125,10.79375,10.56375,9.065625,4.88
1269,9.343125,9.3225,10.794375,10.761875,10.703125,9.075,4.83
1303,9.994375,9.29125,10.310625,10.925,10.3975,9.08125,5.34
1331,10.029375,9.885,10.08125,10.560625,10.173125,9.270625,6.27
1379,9.60375,9.71125,10.398125,10.49625,10.6925,9.098125,5.42
1425,9.641875,10.215625,10.415625,10.094375,10.5075,9.125,4.34
1463,9.693125,10.300625,10.52,10.270625,9.63375,9.581875,4.61
1499,9.614375,10.41,10.18875,10.11125,9.663125,10.0125,5.02
1540,9.616875,10.23,10.22875,10.181875,9.7325,10.01,5.26
1579,9.584375,9.88,10.44375,10.385,10.470625,9.23625,5.11
1614,9.72625,9.766875,10.1225,10.69,10.225,9.469375,5.35
1647,9.93875,9.975,9.954375,10.59,9.686875,9.855,5.59
1683,9.768125,9.746875,9.960625,10.604375,9.513125,10.406875,5.76
1718,9.6875,10.250625,10.089375,10.003125,9.4425,10.526875,5.72
1754,9.2675,9.938125,10.048125,10.205,10.15875,10.3825,5.46
1786,9.575625,10.204375,9.80375,10.095625,10.02625,10.294375,5.84
1825,9.720625,9.883125,10.213125,10.626875,10.046875,9.509375,5.64
1859,9.408125,9.971875,10.769375,10.5075,10.06,9.283125,5.71
1892,9.395625,10.1925,10.595,10.520625,10.053125,9.243125,5.52
1924,9.521875,9.548125,10.763125,10.404375,10.448125,9.314375,6.05
1962,9.91875,9.279375,10.499375,10.3925,10.423125,9.486875,5.91
1997,9.49125,9.024375,10.89875,11.120625,10.424375,9.040625,5.62
2038,9.8375,9.374375,10.789375,10.87,10.440625,8.688125,5.4
2070,10.151875,9.64125,10.823125,10.166875,10.396875,8.82,5.55
2106,10.09125,9.834375,10.459375,9.835625,10.43,9.349375,5.61
2137,9.97375,9.8625,10.468125,9.77375,10.175625,9.74625,6.13
2173,10.17,10.00875,10.04375,9.70125,10.145625,9.930625,5.72
2204,10.6375,9.7875,10.166875,9.866875,10.191875,9.349375,6.11
2233,10.38625,9.803125,10.14125,10.24875,10.276875,9.14375,6.3
2266,9.854375,9.233125,10.755,10.581875,10.753125,8.8225,6.29
2298,9.416875,9.226875,11.145625,10.47125,10.845625,8.89375,6.46
2332,9.283125,9.2625,11.161875,10.373125,10.828125,9.09125,6.06
2360,9.563125,9.464375,10.675,10.32,10.630625,9.346875,6.38
2392,9.92125,9.784375,10.161875,10.3825,10.360625,9.389375,6.46
2421,10.173125,9.74125,10.306875,10.038125,10.324375,9.41625,6.5
2451,10.02,9.70625,10.3125,10.173125,10.41875,9.369375,6.4
2483,10.058125,9.555625,10.718125,10.32125,10.335625,9.01125,6.54
2509,10.205,9.5,10.55375,10.225,10.32125,9.195,6.74
2541,9.779375,9.52875,10.538125,10.616875,10.423125,9.11375,6.48
2570,9.85875,9.2725,10.29875,10.664375,10.661875,9.24375,6.69
2603,9.50125,9.3975,10.50125,11.043125,10.885625,8.67125,6.46
2627,9.674375,9.41375,10.640625,10.910625,10.7725,8.588125,6.83
2657,9.628125,9.509375,10.945,10.865625,10.549375,8.5025,7.21
2678,9.84875,9.310625,10.92875,11.06,10.369375,8.4825,7.49
2699,9.8125,9.484375,10.4575,10.89125,10.318125,8.63625,8.16
2724,9.465625,9.575625,10.456875,10.80625,10.461875,8.83375,8.16
2746,9.306875,9.455625,10.314375,10.81875,10.258125,9.04625,8.68
2774,8.811875,9.188125,10.59,10.9775,10.336875,9.095625,8.4
2802,8.7675,9.57625,11.108125,10.66625,10.2,9.081875,7.75
2831,9.193125,9.4225,10.94625,10.309375,10.453125,9.275625,7.25
2847,9.086875,9.359375,10.92125,10.678125,10.568125,9.18625,7.69
2878,9.05125,9.686875,10.664375,10.736875,10.760625,8.9,7.61
2904,8.9225,9.57125,10.415625,10.81625,10.766875,9.3075,7.77
2927,9.081875,9.59125,10.545625,10.77875,10.716875,9.085625,8.22
2947,9.5125,9.62,10.516875,10.48375,10.651875,9.215,8.0
2970,9.72,9.28875,10.730625,10.408125,10.421875,9.430625,8.38
2997,9.961875,9.22625,10.76875,10.6325,10.241875,9.16875,8.48
3020,10.133125,9.373125,10.64,10.690625,10.08375,9.079375,8.3
3045,10.16125,9.388125,10.386875,10.819375,10.11,8.934375,8.13
3069,10.281875,9.63875,10.034375,10.8175,10.1425,8.885,8.23
3097,10.2625,9.645625,10.200625,10.5575,10.375,8.75875,7.99
3123,10.211875,9.48,10.156875,10.69375,10.620625,8.836875,7.51
3144,9.833125,9.46375,10.3775,10.6125,10.630625,8.8825,7.97
3170,9.460625,9.4525,10.37125,10.62,10.50625,9.189375,7.95
3195,9.25625,9.485625,10.42125,10.64625,10.511875,9.27875,7.98
3224,9.18875,9.429375,10.736875,10.71875,10.57875,8.9475,7.96
3242,9.144375,9.610625,10.626875,10.9375,10.71125,8.769375,8.09
3259,9.014375,9.47625,10.471875,10.7775,10.780625,8.879375,8.85
3286,9.3,9.550625,10.3775,10.840625,10.498125,8.833125,8.83
3309,9.2875,9.565,10.47,10.696875,10.695625,8.685,8.73
3329,9.05375,9.5575,10.5525,10.56,10.475,8.80125,9.54
3351,9.548125,9.349375,10.6825,10.7775,10.440625,8.601875,8.88
3375,9.478125,8.955625,10.9875,11.02,10.668125,8.490625,8.96
3395,9.4225,8.719375,11.17875,11.170625,10.67875,8.43,9.28
3418,9.468125,8.67375,11.07125,11.2975,10.606875,8.4825,8.98
3443,9.341875,8.853125,10.998125,11.3525,10.753125,8.50125,8.72
3468,9.31625,9.29,10.825,11.351875,10.4125,8.604375,8.42
3491,9.0425,9.361875,10.7825,11.21875,10.665,8.729375,8.4
3517,9.260625,9.446875,10.645,11.28625,10.626875,8.734375,8.13
3542,9.0225,9.159375,11.100625,11.225,10.821875,8.670625,8.03
3564,9.15125,9.18125,10.905,11.253125,10.729375,8.58,8.51
3583,9.360625,9.0925,10.935625,11.225625,10.66,8.525625,8.5
3612,9.414375,9.206875,10.895625,11.329375,10.448125,8.505625,8.26
3637,9.493125,9.1075,10.7075,11.5275,10.29125,8.673125,8.52
3662,9.235,9.000625,10.738125,11.755625,10.494375,8.77625,8.42
3687,9.20375,8.91375,11.045,11.70375,10.436875,8.696875,7.75
3714,8.94625,8.825,11.145625,11.990625,10.560625,8.531875,7.9
3738,9.096875,8.944375,11.1775,11.81125,10.564375,8.205625,7.92
3759,9.1325,9.073125,11.30375,11.605625,10.486875,8.198125,8.15
3782,9.300625,8.995625,11.138125,11.50375,10.616875,8.245,8.4
3807,9.475,9.16375,10.78125,11.4025,10.440625,8.536875,8.51
3832,9.58625,9.058125,10.70875,11.334375,10.5375,8.775,8.53
3853,9.454375,8.909375,10.605,11.543125,10.5425,8.945625,8.73
3876,9.365,9.000625,10.691875,11.65375,10.3875,8.90125,8.62
3894,9.358125,8.995,11.018125,11.686875,10.514375,8.4275,8.98
3916,9.463125,9.10625,10.85125,11.7875,10.49375,8.298125,9.0
3940,9.475,9.38375,10.840625,11.7,10.24875,8.351875,9.08
3967,9.524375,9.333125,10.95875,11.62,10.405,8.15875,8.91
3985,9.465625,9.3075,10.82875,11.47875,10.3875,8.531875,9.09
4003,9.041875,9.32,10.8275,11.3925,10.141875,8.67625,9.22
4031,8.92125,9.115625,11.1,11.3725,10.245625,8.445,8.77
4050,8.6475,9.0425,11.204375,11.484375,10.40375,8.4175,9.2
4071,8.673125,9.143125,11.0475,11.24375,10.384375,8.508125,9.32
4092,8.611875,8.733125,11.179375,11.36375,10.374375,8.5375,9.55
4116,9.0125,8.54375,11.42125,11.688125,10.518125,8.41625,8.91
4141,9.14125,8.603125,11.319375,11.829375,10.321875,8.385,8.87
4160,9.273125,8.416875,11.575625,11.88125,10.359375,8.09375,8.72
4181,9.2025,8.57625,11.514375,11.96375,10.251875,8.09125,9.01
4204,9.194375,8.62375,11.42625,12.045625,10.36625,7.94375,8.95
4226,8.92125,8.83375,11.23125,11.904375,10.309375,8.4,9.01
4249,8.905,8.726875,11.264375,12.0925,10.58875,8.2225,9.02
4274,9.086875,8.749375,11.11,12.11375,10.539375,8.400625,8.57
4305,9.210625,8.995625,10.864375,11.821875,10.455,8.6525,7.94
4334,9.4,8.956875,11.160625,11.6725,10.373125,8.436875,7.49
4362,9.394375,9.133125,11.12875,11.215,10.30875,8.82,7.04
4389,9.533125,9.001875,11.36125,11.453125,10.18375,8.466875,6.97
4411,9.56125,8.964375,11.35625,11.501875,10.123125,8.293125,7.42
4438,9.554375,8.961875,11.269375,11.5075,10.09125,8.415625,7.71
4461,9.39875,8.770625,11.235,11.645,10.121875,8.42875,8.02
4489,9.065,8.776875,11.256875,11.56875,10.333125,8.599375,8.07
4518,8.80625,8.673125,11.41625,11.633125,10.574375,8.696875,7.46
4549,8.84375,8.7025,11.58,11.748125,10.46375,8.461875,6.96
4580,8.873125,8.88875,11.68625,11.645,10.396875,8.31,6.66
4608,9.054375,8.93125,11.6725,11.596875,10.194375,8.350625,6.75
4634,8.76,8.73625,11.681875,11.620625,10.340625,8.460625,6.77
4665,8.74875,8.6275,11.569375,11.893125,10.4325,8.52875,6.72
4700,8.82125,8.56875,11.48125,11.78125,10.474375,8.673125,6.49
4735,8.939375,8.515,11.53,11.97125,10.3725,8.671875,5.93
4768,8.795,8.530625,11.360625,11.72125,10.561875,8.830625,5.71
4798,8.916875,8.4675,11.311875,11.74375,10.565,8.795,6.07
4829,9.099375,8.730625,11.078125,11.606875,10.57125,8.71375,6.39
4852,9.11375,8.888125,11.02625,11.908125,10.65125,8.4125,6.91
4885,9.075,9.086875,11.106875,11.87875,10.588125,8.264375,6.9
4919,9.035,8.938125,11.2225,11.771875,10.5525,8.48,6.55
4945,8.964375,8.765625,11.22875,11.609375,10.594375,8.6375,6.41
4975,8.976875,8.610625,11.228125,11.585,10.520625,8.67875,6.52
5010,8.7825,8.685625,11.299375,11.573125,10.51875,8.540625,6.65
5040,8.665,8.815,11.37,11.566875,10.465,8.518125,6.4
5069,8.539375,8.9725,11.351875,11.605,10.463125,8.668125,6.38
5098,8.776875,9.06,11.305625,11.605625,10.449375,8.6025,6.64
5122,8.653125,9.21125,11.271875,11.50625,10.420625,8.536875,7.24
5145,8.723125,9.19875,11.289375,11.619375,10.42125,8.548125,7.58
5170,8.83625,9.25625,11.295625,11.42125,10.549375,8.44125,7.95
5195,8.6,9.260625,11.32875,11.5325,10.640625,8.4375,8.21
5226,8.654375,9.179375,11.366875,11.53,10.64,8.629375,7.63
5248,8.729375,9.206875,11.325,11.45125,10.606875,8.680625,7.38
5280,8.751875,9.25625,11.193125,11.366875,10.4925,8.739375,7.31
5316,8.82625,9.3825,11.161875,11.24875,10.429375,8.75125,6.73
5339,8.740625,9.390625,11.133125,11.161875,10.43875,8.735,6.93
5359,8.75125,9.28125,11.159375,11.215,10.419375,8.77375,7.25
5385,8.7375,9.27,11.204375,11.16375,10.518125,8.70625,7.73
5411,8.764375,9.17875,11.2375,11.27,10.641875,8.5075,8.35
5436,8.74625,9.25375,11.165625,11.3675,10.63375,8.633125,8.19
5467,8.82875,9.225625,11.149375,11.519375,10.733125,8.54375,7.4
5497,8.835625,9.185625,11.16625,11.54125,10.644375,8.626875,7.21
5523,8.75,9.0375,11.275625,11.41625,10.726875,8.59375,7.03
5549,8.6875,9.031875,11.329375,11.491875,10.66375,8.595625,7.2
5577,8.54,8.93,11.34375,11.624375,10.79375,8.568125,7.35
5611,8.646875,9.101875,11.0675,11.55125,10.763125,8.669375,6.84
5640,8.72,9.040625,11.13125,11.481875,10.750625,8.675625,7.06
5674,8.744375,9.126875,11.21125,11.44625,10.740625,8.530625,6.35
5697,8.689375,9.081875,11.1825,11.160625,10.726875,8.55875,6.76
5723,8.63625,9.12625,11.191875,11.355,10.755,8.535625,7.08
5746,8.59,9.03625,11.206875,11.395,10.745,8.626875,7.67
5786,8.67,9.088125,11.283125,11.518125,10.685625,8.755,6.77
5810,8.516875,9.084375,11.3675,11.3925,10.78375,8.655,6.99
5843,8.59,9.2125,11.275625,11.330625,10.765,8.62625,6.32
5873,8.538125,9.0975,11.279375,11.225625,10.9125,8.546875,6.63
5902,8.784375,8.939375,11.2,11.33375,10.8925,8.65,6.44
5939,8.96125,8.97,11.12625,11.32875,10.791875,8.621875,6.27
5968,8.9925,9.00875,11.12875,11.48,10.785,8.605,6.26
5998,8.86,9.13,11.22,11.445625,10.80625,8.538125,6.32
6034,8.754375,9.18375,11.165,11.455,10.86875,8.573125,6.5
6064,8.621875,9.149375,11.314375,11.508125,10.883125,8.523125,6.23
6100,8.624375,9.224375,11.2425,11.421875,10.858125,8.62875,5.94
6139,8.565,9.21,11.35,11.375,10.9125,8.5875,5.64
6176,8.70125,9.283125,11.314375,11.33125,10.860625,8.509375,5.3
6209,8.736875,9.0825,11.380625,11.324375,11.020625,8.455,5.63
6245,8.955625,9.2225,11.2325,11.0875,10.940625,8.56125,5.65
6285,8.87875,9.360625,11.15625,11.265625,10.8925,8.44625,5.55
6331,8.789375,9.1525,11.304375,11.343125,10.988125,8.4225,4.92
6357,8.784375,9.086875,11.295,11.361875,11.0175,8.454375,5.09
6380,8.8325,9.00375,11.319375,11.2575,11.0675,8.519375,6.06
6422,8.701875,9.034375,11.26125,11.370625,11.0825,8.549375,6.34
6469,8.6625,9.069375,11.41125,11.3825,10.929375,8.545,5.09
6509,8.69,9.145,11.3425,11.405,10.936875,8.480625,4.57
6549,8.7,9.10125,11.344375,11.4125,11.048125,8.39375,4.89
6594,8.620625,9.130625,11.320625,11.384375,11.03875,8.505,4.84
6638,8.750625,9.145,11.34875,11.145,11.01125,8.599375,4.62
6684,8.775625,9.130625,11.333125,11.163125,11.00875,8.58875,4.4
6726,8.7575,9.131875,11.444375,11.148125,11.08625,8.431875,4.54
6772,8.805,9.1025,11.30625,11.2,10.97625,8.61,4.46
6824,8.7775,9.00625,11.25125,11.291875,11.015625,8.6575,4.16
6878,8.7275,9.01875,11.36,11.226875,11.17125,8.495625,3.87
6924,8.87625,9.15375,11.36125,11.1175,11.073125,8.418125,4.01
6983,8.87125,9.035625,11.469375,11.1675,11.075625,8.380625,3.77
7042,8.76125,9.053125,11.485625,11.139375,11.058125,8.5025,3.45
7098,8.8275,9.156875,11.373125,11.059375,11.09875,8.484375,3.54
7155,8.829375,9.133125,11.326875,11.2325,11.0175,8.460625,3.55
7213,8.900625,9.114375,11.3275,11.19125,10.876875,8.589375,3.43
7275,8.90375,9.0525,11.3175,11.181875,10.943125,8.60125,3.39
7341,8.824375,8.985625,11.444375,11.14625,11.125,8.474375,3.13
7411,8.76,9.0375,11.430625,11.17875,11.078125,8.515,3.01
7479,8.7625,9.020625,11.41875,11.2,11.05625,8.541875,2.86
7548,8.88875,9.119375,11.4375,11.158125,10.99625,8.4,2.8
7627,8.94375,9.17625,11.41875,10.954375,10.963125,8.54375,2.64
7702,8.8475,9.103125,11.380625,11.094375,11.02875,8.545625,2.65
7781,8.89,9.066875,11.390625,11.009375,11.044375,8.59875,2.53
7858,8.9075,9.108125,11.49375,10.953125,11.0875,8.45,2.56
7934,8.85,9.07625,11.54,11.08875,11.0475,8.3975,2.7
8015,8.8825,9.02375,11.39375,11.016875,11.0875,8.595625,2.46
8096,8.740625,8.994375,11.285625,11.1875,11.149375,8.6425,2.49
8179,8.874375,9.086875,11.320625,11.075,11.0975,8.545625,2.44
8268,8.90625,9.10875,11.36375,11.03125,11.065,8.525,2.25
8358,8.91875,9.03125,11.368125,11.09875,11.105,8.478125,2.2
8443,8.885625,9.055,11.491875,11.079375,10.976875,8.51125,2.27
8532,8.9525,8.965625,11.461875,11.191875,11.0625,8.365625,2.28
8623,8.9375,9.12,11.379375,11.0825,11.096875,8.38375,2.16
8714,8.905,9.055625,11.341875,11.101875,10.97875,8.616875,2.22
8806,8.931875,9.03875,11.408125,11.0975,10.968125,8.555625,2.22
8899,8.89125,9.048125,11.42,10.989375,11.079375,8.571875,2.19
8992,8.98375,9.10625,11.398125,10.96,11.03,8.521875,2.15
9091,8.9125,9.148125,11.358125,10.936875,11.12875,8.515625,2.02
9186,8.97,9.115625,11.365625,11.016875,11.006875,8.525,2.11
9284,8.900625,9.140625,11.38125,10.946875,11.046875,8.58375,2.04
9379,8.913125,9.0375,11.34,11.0925,11.045625,8.57125,2.08
9477,8.9525,9.105,11.319375,11.025,11.024375,8.57375,2.05
9573,8.908125,9.011875,11.39875,11.10375,11.030625,8.546875,2.07
9669,8.94625,9.06,11.37125,11.12125,10.933125,8.568125,2.09
9763,8.89875,9.095625,11.37125,11.0225,11.0575,8.554375,2.13
9862,8.9125,9.021875,11.44625,11.045625,11.034375,8.539375,2.04
9956,8.91,9.025,11.44625,11.135625,11.05125,8.431875,2.11
10053,8.915625,9.02,11.41875,11.0175,11.031875,8.59625,2.05
10158,8.941071428571428,9.021428571428572,11.370833333333334,11.004166666666666,11.0875,8.575,1.9047619047619047
10260,8.947303921568627,9.03799019607843,11.346813725490197,10.990196078431373,11.036151960784315,8.641544117647058,1.9607843137254901
10358,8.924375,9.048125,11.383125,11.05375,11.035,8.555625,2.05
10460,8.94546568627451,9.049019607843137,11.443627450980392,11.064338235294118,10.96078431372549,8.536764705882353,1.9509803921568627
10565,8.877380952380953,9.066071428571428,11.414880952380953,11.036904761904761,11.031547619047618,8.573214285714286,1.9142857142857144
10664,8.95125,9.091875,11.405625,10.9675,10.953125,8.630625,2.01
10762,8.883125,9.03125,11.48375,11.063125,11.05375,8.485,2.03
10862,8.971875,9.02125,11.394375,11.03,11.025625,8.556875,1.99
10963,8.91769801980198,9.025371287128714,11.368193069306932,11.115099009900991,11.026608910891088,8.547029702970297,1.99009900990099
11066,8.907160194174757,9.009708737864077,11.364077669902912,11.055218446601941,11.02123786407767,8.642597087378642,1.9514563106796117
11171,8.932738095238095,9.038690476190476,11.388690476190476,11.008333333333333,11.00952380952381,8.62202380952381,1.9047619047619047
11274,8.869538834951456,9.0,11.440533980582524,11.050970873786408,11.107402912621358,8.531553398058252,1.941747572815534
11379,8.935714285714285,8.995238095238095,11.367261904761905,11.09047619047619,10.992857142857142,8.61845238095238,1.9047619047619047
11485,8.840801886792454,9.018867924528301,11.362028301886792,11.117334905660377,11.056603773584905,8.60436320754717,1.8867924528301887
11588,8.942354368932039,8.99757281553398,11.46359223300971,11.115898058252426,11.031553398058252,8.449029126213592,1.941747572815534
11692,8.90625,8.989783653846153,11.381610576923077,11.114783653846153,11.01141826923077,8.596153846153847,1.9038461538461537
11800,8.905671296296296,8.97337962962963,11.476851851851851,11.086805555555555,11.03761574074074,8.519675925925926,1.8703703703703705
11908,8.887731481481481,9.005208333333334,11.361689814814815,11.136574074074074,11.023726851851851,8.585069444444445,1.8518518518518519
12011,8.934466019417476,9.089199029126213,11.341626213592233,11.070995145631068,10.995145631067961,8.568567961165048,1.941747572815534
12117,8.96816037735849,9.028891509433961,11.41804245283019,11.076061320754716,10.993514150943396,8.515330188679245,1.8867924528301887
12224,8.896028037383177,9.032710280373832,11.375584112149532,11.059579439252337,11.002920560747663,8.633177570093459,1.8598130841121496
12331,8.902453271028037,8.995327102803738,11.400116822429906,11.064252336448599,11.018691588785046,8.619158878504672,1.8691588785046729
12440,8.936353211009175,9.010894495412844,11.368119266055047,11.059059633027523,10.966743119266056,8.658830275229358,1.8440366972477065
12548,8.908564814814815,9.009837962962964,11.39988425925926,11.022569444444445,11.058449074074074,8.600694444444445,1.8518518518518519
12657,8.908830275229358,9.017201834862385,11.361811926605505,11.101490825688073,11.038417431192661,8.572247706422019,1.834862385321101
12770,8.871681415929203,8.9375,11.476216814159292,11.014380530973451,11.028761061946902,8.67146017699115,1.761061946902655
12884,8.93421052631579,9.021381578947368,11.471491228070175,11.074561403508772,10.990131578947368,8.508223684210526,1.7543859649122806
12998,8.960526315789474,9.032894736842104,11.355811403508772,11.03125,11.023026315789474,8.596491228070175,1.763157894736842
13105,8.947429906542055,9.00642523364486,11.40946261682243,11.046144859813085,11.037383177570094,8.553154205607477,1.8598130841121496
13215,8.981818181818182,9.039204545454545,11.338068181818182,11.040909090909091,10.999431818181819,8.600568181818181,1.8181818181818181
13328,8.945243362831858,8.974557522123893,11.42146017699115,11.079646017699115,11.071349557522124,8.507743362831858,1.7699115044247788
13436,8.911458333333334,8.97511574074074,11.395833333333334,11.113425925925926,11.01099537037037,8.593171296296296,1.8518518518518519
13546,8.979545454545455,8.96875,11.32159090909091,11.075,11.010227272727272,8.644886363636363,1.8181818181818181
13661,8.917934782608695,9.006521739130434,11.4625,11.076630434782608,10.991304347826087,8.545108695652173,1.7478260869565216
13772,8.967905405405405,8.999436936936936,11.411036036036036,11.055743243243244,10.966216216216216,8.599662162162161,1.7927927927927927
13876,8.978365384615385,9.046274038461538,11.328125,11.054086538461538,10.948317307692308,8.64483173076923,1.9230769230769231
13989,8.893805309734514,9.024889380530974,11.473451327433628,11.108407079646017,10.97953539823009,8.519911504424778,1.7699115044247788
14103,8.975328947368421,9.018092105263158,11.365679824561404,11.016995614035087,11.015899122807017,8.608004385964913,1.7543859649122806
14214,8.92849099099099,8.99831081081081,11.390765765765765,11.02927927927928,10.98873873873874,8.664414414414415,1.8108108108108107
14328,8.87390350877193,9.03125,11.454495614035087,11.069078947368421,10.97094298245614,8.600328947368421,1.7456140350877194
14444,8.924568965517242,9.019935344827585,11.43426724137931,11.058728448275861,11.024245689655173,8.538254310344827,1.7241379310344827
14556,8.915736607142858,8.991629464285714,11.389508928571429,11.078125,11.03125,8.59375,1.7946428571428572
14670,8.925986842105264,9.016447368421053,11.44188596491228,11.063048245614034,11.054824561403509,8.49780701754386,1.7456140350877194
14781,8.95945945945946,9.01463963963964,11.39527027027027,11.054617117117116,10.9740990990991,8.601914414414415,1.8018018018018018
14897,8.947737068965518,9.00323275862069,11.344288793103448,11.039870689655173,11.009159482758621,8.655711206896552,1.7327586206896552
15008,8.954391891891891,8.985923423423424,11.460022522522523,11.04954954954955,11.011824324324325,8.538288288288289,1.7927927927927927
15120,8.904575892857142,9.012276785714286,11.38671875,11.054129464285714,11.029575892857142,8.612723214285714,1.7946428571428572
15230,8.861931818181818,8.992045454545455,11.44375,11.080681818181818,11.00625,8.615340909090909,1.8181818181818181
15344,8.942982456140351,9.00109649122807,11.317434210526315,11.067434210526315,11.020833333333334,8.650219298245615,1.7543859649122806
15453,8.94552752293578,8.972477064220184,11.412844036697248,11.057339449541285,10.99197247706422,8.619839449541285,1.834862385321101
15568,8.923913043478262,8.976630434782608,11.479347826086956,11.044021739130434,11.008152173913043,8.567934782608695,1.7391304347826086
15684,8.910021551724139,8.98760775862069,11.435344827586206,11.08405172413793,10.995689655172415,8.587284482758621,1.7241379310344827
15792,8.924189814814815,8.976273148148149,11.421875,11.044560185185185,11.017939814814815,8.615162037037036,1.8518518518518519
15905,8.935287610619469,9.025442477876107,11.383296460176991,11.044247787610619,10.998340707964601,8.613384955752212,1.7699115044247788
16018,8.933075221238939,8.998340707964601,11.408185840707965,11.098451327433628,10.962942477876107,8.59900442477876,1.752212389380531
16125,8.92231308411215,9.009929906542055,11.34696261682243,11.03679906542056,10.952102803738319,8.731892523364486,1.8878504672897196
16236,8.92454954954955,9.009572072072071,11.342342342342342,11.064752252252251,11.022522522522523,8.63626126126126,1.8018018018018018
16342,8.939268867924529,9.014150943396226,11.340212264150944,11.07311320754717,10.984080188679245,8.649174528301886,1.8867924528301887
16445,8.97390776699029,9.011529126213592,11.33859223300971,11.05885922330097,10.97390776699029,8.643203883495145,1.9320388349514563
16554,8.912270642201834,9.008600917431192,11.399082568807339,11.061926605504587,11.033830275229358,8.584288990825687,1.8440366972477065
16666,8.959821428571429,9.029017857142858,11.333705357142858,11.060267857142858,10.965959821428571,8.651227678571429,1.7857142857142858
16775,8.971330275229358,8.99197247706422,11.389908256880734,11.04644495412844,10.98795871559633,8.612385321100918,1.8256880733944953
16878,8.858009708737864,9.034587378640778,11.365898058252426,11.06007281553398,10.98361650485437,8.697815533980583,1.941747572815534
16984,8.902712264150944,8.983490566037736,11.366155660377359,11.084905660377359,10.985259433962264,8.67747641509434,1.8962264150943395
17093,8.881307339449542,8.997133027522937,11.331995412844037,11.034977064220184,11.018922018348624,8.73566513761468,1.8256880733944953
17203,8.98465909090909,8.964204545454546,11.255681818181818,11.040909090909091,11.007954545454545,8.746590909090909,1.8272727272727274
17303,8.85375,8.98875,11.37125,11.073125,11.039375,8.67375,2.0
17409,8.893867924528301,9.059551886792454,11.38502358490566,11.0625,10.943396226415095,8.65566037735849,1.8773584905660377
17516,8.884345794392523,8.994742990654206,11.325934579439252,11.078855140186915,11.018691588785046,8.697429906542055,1.8785046728971964
17619,8.868932038834952,8.995752427184467,11.326456310679612,11.038228155339805,11.008495145631068,8.762135922330097,1.941747572815534
17726,8.873831775700934,9.01285046728972,11.34696261682243,11.021028037383177,10.985397196261681,8.759929906542055,1.8598130841121496
17833,8.942172897196262,9.01285046728972,11.26285046728972,11.04731308411215,10.990070093457945,8.744742990654206,1.8691588785046729
17944,8.878378378378379,9.037162162162161,11.29617117117117,11.025337837837839,11.003378378378379,8.759572072072071,1.8108108108108107
18046,8.911764705882353,9.042892156862745,11.325367647058824,11.038602941176471,10.943627450980392,8.737745098039216,1.9509803921568627
18154,8.950231481481481,9.052083333333334,11.211226851851851,10.991898148148149,10.990162037037036,8.804398148148149,1.8518518518518519
18256,8.885416666666666,9.020220588235293,11.340686274509803,11.022058823529411,10.979779411764707,8.751838235294118,1.9705882352941178
18361,8.863095238095237,9.045833333333333,11.254166666666666,11.021428571428572,10.988690476190476,8.826785714285714,1.8952380952380952
18466,8.876785714285715,9.022023809523809,11.304166666666667,11.007142857142858,10.992261904761905,8.797619047619047,1.9047619047619047
18578,8.884486607142858,9.036830357142858,11.336495535714286,11.050223214285714,10.978236607142858,8.713727678571429,1.7946428571428572
18682,8.920072115384615,9.002403846153847,11.270432692307692,11.036658653846153,10.981971153846153,8.788461538461538,1.9134615384615385
18792,8.951136363636364,9.005681818181818,11.186363636363636,11.040909090909091,10.985227272727272,8.830681818181818,1.790909090909091
18894,8.919730392156863,9.00796568627451,11.252450980392156,11.003063725490197,11.014093137254902,8.802696078431373,1.9901960784313726
19004,8.948295454545455,9.039772727272727,11.251136363636364,11.025568181818182,10.955681818181818,8.779545454545454,1.8272727272727274
19111,8.957943925233645,9.01285046728972,11.136682242990654,11.015771028037383,11.02570093457944,8.851051401869158,1.8598130841121496
19222,8.95945945945946,9.027027027027026,11.20045045045045,11.045608108108109,10.98704954954955,8.780405405405405,1.8108108108108107
19337,8.921739130434782,9.015217391304347,11.239673913043479,11.00054347826087,10.990760869565218,8.832065217391305,1.7304347826086957
19447,8.892613636363636,8.998295454545454,11.248295454545454,11.01534090909091,11.014204545454545,8.83125,1.8272727272727274
19556,8.948394495412844,8.989678899082568,11.211582568807339,11.015481651376147,11.005160550458715,8.829701834862385,1.834862385321101
19665,8.95355504587156,8.998279816513762,11.188646788990825,11.041284403669724,10.98394495412844,8.834288990825687,1.8256880733944953
19782,8.864316239316238,9.017628205128204,11.275641025641026,11.028846153846153,11.004273504273504,8.809294871794872,1.7008547008547008
19889,8.978971962616823,9.04088785046729,11.171144859813085,11.031542056074766,10.96553738317757,8.811915887850468,1.8878504672897196
20006,8.9375,9.041132478632479,11.21474358974359,11.01923076923077,10.987179487179487,8.800213675213675,1.7008547008547008
20122,8.927262931034482,8.957435344827585,11.269396551724139,11.029094827586206,11.008620689655173,8.808189655172415,1.7241379310344827
20237,8.964130434782609,9.05108695652174,11.229347826086956,11.034239130434782,10.946739130434782,8.77445652173913,1.7478260869565216
20359,8.954918032786885,9.067622950819672,11.194159836065573,11.013831967213115,10.951844262295081,8.817622950819672,1.6229508196721312
20469,8.92840909090909,8.989772727272728,11.26590909090909,11.020454545454545,11.030681818181819,8.764772727272728,1.8363636363636364
20584,8.96304347826087,9.035869565217391,11.204891304347827,11.004891304347826,10.9875,8.803804347826087,1.7391304347826086
20699,8.916847826086956,9.020108695652175,11.230434782608695,11.034239130434782,10.997826086956522,8.80054347826087,1.7391304347826086
20817,8.98093220338983,9.006885593220339,11.204978813559322,11.023834745762711,10.98834745762712,8.795021186440678,1.694915254237288
20924,8.973714953271028,9.01927570093458,11.174065420560748,11.03679906542056,11.009345794392523,8.78679906542056,1.8691588785046729
21028,8.945913461538462,9.026442307692308,11.24639423076923,11.009615384615385,11.015024038461538,8.756610576923077,1.9134615384615385
21143,8.96304347826087,9.01195652173913,11.209239130434783,11.019565217391305,10.994565217391305,8.80163043478261,1.7478260869565216
21256,8.945243362831858,9.0,11.248893805309734,11.024889380530974,11.012721238938052,8.768252212389381,1.7699115044247788
21370,8.955592105263158,9.014254385964913,11.231907894736842,11.039473684210526,10.978618421052632,8.78015350877193,1.7456140350877194
21485,8.980434782608695,9.065760869565217,11.185869565217391,11.02445652173913,10.935869565217391,8.807608695652174,1.7391304347826086
21594,8.895068807339449,9.0401376146789,11.192087155963304,11.04644495412844,10.98165137614679,8.84461009174312,1.834862385321101
21705,8.984797297297296,8.996058558558559,11.172297297297296,11.02027027027027,11.003941441441441,8.822635135135135,1.8018018018018018
21816,8.949324324324325,9.030968468468469,11.17286036036036,11.02027027027027,11.003941441441441,8.822635135135135,1.8018018018018018
21928,8.954799107142858,9.040178571428571,11.181361607142858,11.015066964285714,10.989955357142858,8.818638392857142,1.7857142857142858
22047,8.936974789915967,9.028886554621849,11.219012605042018,11.014180672268907,10.969012605042018,8.831932773109244,1.6890756302521008
22153,8.941627358490566,9.006485849056604,11.175117924528301,11.04245283018868,11.004127358490566,8.830188679245284,1.8773584905660377
22263,8.872159090909092,9.025,11.263636363636364,11.01534090909091,11.013068181818182,8.810795454545454,1.8181818181818181
22374,8.949324324324325,9.074324324324325,11.11373873873874,11.01295045045045,10.974662162162161,8.875,1.8108108108108107
22486,8.959821428571429,9.0,11.170758928571429,11.020089285714286,10.985491071428571,8.863839285714286,1.7589285714285714
22602,8.917564655172415,9.035560344827585,11.160560344827585,11.024245689655173,11.002693965517242,8.859375,1.75
22715,8.890486725663717,9.024336283185841,11.238938053097344,11.004977876106194,10.980641592920353,8.860619469026549,1.7699115044247788
22824,8.96387614678899,9.020068807339449,11.161697247706423,11.010321100917432,11.002866972477063,8.841169724770642,1.834862385321101
22933,8.980504587155963,9.014908256880734,11.153669724770642,11.005160550458715,10.97362385321101,8.872133027522937,1.8073394495412844
23045,8.984933035714286,9.012276785714286,11.143415178571429,11.0,10.998883928571429,8.860491071428571,1.8125
23151,8.95754716981132,9.025943396226415,11.172759433962264,11.01061320754717,10.992334905660377,8.840801886792454,1.8773584905660377
23274,8.942581300813009,9.007621951219512,11.139735772357724,11.022865853658537,10.988313008130081,8.898882113821138,1.6260162601626016
23385,8.954391891891891,9.0,11.109234234234235,11.015202702702704,11.0,8.92117117117117,1.7927927927927927
23496,8.95945945945946,9.012387387387387,11.172297297297296,11.024211711711711,10.997747747747749,8.833896396396396,1.8198198198198199
23617,8.917355371900827,9.028409090909092,11.166838842975206,11.004648760330578,10.992252066115702,8.890495867768594,1.6528925619834711
23728,8.934121621621621,9.012387387387387,11.149774774774775,11.015202702702704,10.99268018018018,8.895833333333334,1.8018018018018018
23835,8.973714953271028,9.0,11.105140186915888,11.01051401869159,11.0,8.910630841121495,1.8598130841121496
23947,8.969866071428571,9.017857142857142,11.115513392857142,11.015066964285714,10.950892857142858,8.930803571428571,1.7946428571428572
24060,8.935287610619469,9.002212389380531,11.154314159292035,11.014933628318584,10.98783185840708,8.9054203539823,1.7699115044247788
24169,8.970183486238533,9.002293577981652,11.144495412844037,11.005160550458715,10.986238532110091,8.891628440366972,1.834862385321101
24281,8.944754464285714,9.002232142857142,11.10546875,11.005022321428571,11.032924107142858,8.909598214285714,1.7857142857142858
24388,8.957943925233645,9.00233644859813,11.110397196261681,11.014602803738319,10.99357476635514,8.921144859813085,1.8598130841121496
24505,8.966346153846153,9.010149572649572,11.110576923076923,11.00267094017094,10.981303418803419,8.928952991452991,1.6923076923076923
24620,8.921739130434782,9.001086956521739,11.151630434782609,11.0,10.986956521739131,8.938586956521739,1.7565217391304349
24732,8.924665178571429,9.002232142857142,11.170758928571429,10.987723214285714,11.010044642857142,8.904575892857142,1.7946428571428572
24839,8.953855140186915,9.038551401869158,11.110397196261681,10.99766355140187,10.973130841121495,8.926401869158878,1.8598130841121496
24947,8.95949074074074,9.012731481481481,11.098958333333334,11.005208333333334,10.983796296296296,8.939814814814815,1.8611111111111112
25066,8.958508403361344,9.018382352941176,11.091386554621849,11.009453781512605,10.982668067226891,8.939600840336135,1.680672268907563
25183,8.98076923076923,9.052884615384615,11.072115384615385,10.994123931623932,10.952991452991453,8.947115384615385,1.7094017094017093
25289,8.94693396226415,9.028301886792454,11.08254716981132,10.97936320754717,11.01061320754717,8.952240566037736,1.8773584905660377
25405,8.985452586206897,9.00592672413793,11.092133620689655,11.00969827586207,10.992995689655173,8.913793103448276,1.7327586206896552
25511,8.97877358490566,9.006485849056604,11.047759433962264,11.0,10.993514150943396,8.973466981132075,1.8867924528301887
25623,8.939732142857142,8.989955357142858,11.150669642857142,11.015066964285714,11.0,8.904575892857142,1.7767857142857142
25740,8.990384615384615,9.017628205128204,11.057692307692308,11.004807692307692,10.982371794871796,8.947115384615385,1.7179487179487178
25849,9.0,9.037844036697248,11.038990825688073,10.992545871559633,10.97362385321101,8.956995412844037,1.834862385321101
25960,8.964527027027026,9.012387387387387,11.096283783783784,11.010135135135135,10.987612612612613,8.929054054054054,1.7927927927927927
26080,8.94375,9.022916666666667,11.121875,11.0,10.977083333333333,8.934375,1.675
26198,8.971398305084746,9.03125,11.045021186440678,11.0,11.0,8.952330508474576,1.6694915254237288
26322,8.964717741935484,9.01663306451613,11.071572580645162,10.993447580645162,10.99899193548387,8.954637096774194,1.6370967741935485
26440,8.995233050847459,9.029131355932204,11.047669491525424,11.004766949152541,10.970868644067796,8.952330508474576,1.694915254237288
26560,8.98125,9.022916666666667,11.084375,11.003645833333334,10.9828125,8.925,1.6583333333333334
26672,8.959821428571429,9.009486607142858,11.063058035714286,11.0,10.987723214285714,8.979910714285714,1.7946428571428572
26794,8.98155737704918,9.030225409836065,11.055327868852459,10.983094262295081,10.977459016393443,8.97233606557377,1.639344262295082
26918,8.968245967741936,9.004032258064516,11.097782258064516,11.0,10.98891129032258,8.941028225806452,1.5887096774193548
27036,8.971398305084746,9.0,11.095338983050848,11.0,11.0,8.933262711864407,1.7203389830508475
27169,8.983082706766917,9.038063909774436,11.06343984962406,11.004229323308271,10.957706766917294,8.953477443609023,1.4962406015037595
27298,8.969476744186046,9.015988372093023,11.061046511627907,10.989341085271318,10.994670542635658,8.969476744186046,1.558139534883721
27423,8.9685,8.975,11.0745,11.0,10.9935,8.9885,1.592
27552,8.969476744186046,9.005329457364342,11.104651162790697,11.008720930232558,10.994670542635658,8.917151162790697,1.550387596899225
27681,8.978197674418604,9.037306201550388,11.046027131782946,11.0,10.973352713178295,8.965116279069768,1.550387596899225
27807,8.96875,9.027281746031745,11.05406746031746,11.004464285714286,10.99454365079365,8.950892857142858,1.5952380952380953
27930,8.977134146341463,9.022357723577235,11.045731707317072,11.009146341463415,10.971036585365853,8.97459349593496,1.6260162601626016
28060,8.948076923076924,8.98798076923077,11.090865384615384,11.0,10.994711538461539,8.978365384615385,1.5307692307692307
28186,8.995535714285714,9.00545634920635,11.044642857142858,11.004464285714286,10.99454365079365,8.955357142857142,1.5952380952380953
28310,8.990927419354838,9.01108870967742,11.040826612903226,11.0,10.98891129032258,8.968245967741936,1.6129032258064515
28433,8.986280487804878,9.03201219512195,11.075711382113822,10.983231707317072,10.977642276422765,8.945121951219512,1.6178861788617886
28564,8.95706106870229,9.020992366412214,11.068702290076336,11.008587786259541,10.979007633587786,8.965648854961833,1.5267175572519085
28698,8.98320895522388,9.0,11.058768656716419,11.00419776119403,11.0,8.953824626865671,1.5
28835,8.995894160583942,9.027828467153284,11.031934306569344,11.0,10.964872262773723,8.979470802919709,1.4598540145985401
28968,8.966165413533835,9.015507518796992,11.097274436090226,10.99812030075188,10.99483082706767,8.928101503759398,1.4962406015037595
29095,8.991141732283465,8.991141732283465,11.053149606299213,11.004429133858268,11.0,8.96013779527559,1.5826771653543308
29215,8.9953125,9.028645833333334,11.023958333333333,11.0,10.988541666666666,8.963541666666666,1.6666666666666667
29344,8.986918604651162,9.005329457364342,11.05232558139535,11.00436046511628,10.994670542635658,8.956395348837209,1.550387596899225
29481,8.987682481751825,9.010036496350365,11.045164233576642,11.0,10.989963503649635,8.967153284671532,1.4525547445255473
29615,8.979011194029852,9.006996268656716,11.067164179104477,10.993936567164178,10.994869402985074,8.958022388059701,1.5
29739,8.986391129032258,9.044354838709678,11.007056451612904,11.0,10.966733870967742,8.99546370967742,1.6048387096774193
29865,8.991071428571429,9.0,11.035714285714286,11.0,11.0,8.973214285714286,1.5952380952380953
29994,9.0,9.010658914728682,11.034883720930232,11.0,10.989341085271318,8.965116279069768,1.550387596899225
30122,8.96923828125,9.00830078125,11.05712890625,11.00439453125,10.978515625,8.982421875,1.5625
30259,8.987682481751825,9.006843065693431,11.057481751824817,11.0,10.984945255474452,8.963047445255475,1.4598540145985401
30381,8.944672131147541,9.011270491803279,11.057889344262295,11.0,11.0,8.986168032786885,1.6311475409836065
30519,8.991847826086957,9.00498188405797,11.028532608695652,11.0,10.99501811594203,8.97961956521739,1.4565217391304348
30644,8.982,9.0055,11.027,11.0,10.9945,8.991,1.6
30778,8.98740671641791,9.021455223880597,11.014925373134329,11.0,10.984608208955224,8.99160447761194,1.492537313432836
30903,8.9685,8.9695,11.0945,11.0045,10.988,8.975,1.592
31044,9.004875886524824,9.00531914893617,11.016400709219859,11.0,10.985372340425531,8.988031914893616,1.4184397163120568
31181,8.971259124087592,9.006843065693431,11.05337591240876,11.0,10.984945255474452,8.983576642335766,1.4598540145985401
31322,8.956117021276595,9.006648936170214,11.06604609929078,11.0,10.995124113475176,8.976063829787234,1.4184397163120568
31460,8.97961956521739,9.014945652173912,11.057065217391305,11.0,10.985054347826088,8.963315217391305,1.4565217391304348
31599,8.979766187050359,9.044514388489208,11.028776978417266,11.0,10.975269784172662,8.971672661870503,1.4388489208633093
31737,8.991847826086957,9.001811594202898,11.032608695652174,11.0,10.990036231884059,8.983695652173912,1.4492753623188406
31881,8.9921875,9.004774305555555,11.006944444444445,11.0,11.0,8.99609375,1.3888888888888888
32017,8.995863970588236,9.006893382352942,11.024816176470589,11.004136029411764,10.984834558823529,8.983455882352942,1.463235294117647
32159,8.98019366197183,9.025088028169014,11.034771126760564,11.0,10.975792253521126,8.984154929577464,1.4014084507042253
32302,8.960664335664335,9.005681818181818,11.062937062937063,11.0,10.990384615384615,8.980332167832168,1.4125874125874125
32447,8.988362068965516,9.01896551724138,11.009913793103449,11.0,10.99051724137931,8.992241379310345,1.3724137931034484
32590,8.980332167832168,9.009615384615385,11.02972027972028,11.0,10.990384615384615,8.989947552447552,1.4055944055944056
32732,8.992077464788732,9.025968309859154,11.004401408450704,11.0,10.985475352112676,8.992077464788732,1.3943661971830985
32884,8.970394736842104,8.982319078947368,11.066611842105264,11.003700657894736,10.99547697368421,8.981496710526315,1.3223684210526316
33038,8.992694805194805,9.011363636363637,11.025974025974026,11.003652597402597,10.995535714285714,8.970779220779221,1.3051948051948052
33187,8.996224832214764,9.013842281879194,11.015100671140939,11.0,10.986157718120806,8.988674496644295,1.342281879194631
33341,8.996347402597403,9.012175324675324,11.021915584415584,11.003652597402597,10.96875,8.997159090909092,1.2987012987012987
33496,8.996370967741935,9.00766129032258,11.039919354838709,11.0,10.977822580645162,8.978225806451613,1.2903225806451613
33637,8.992021276595745,9.014627659574469,11.059840425531915,11.0,10.975620567375886,8.957890070921986,1.4184397163120568
33800,8.989647239263803,8.987730061349692,11.037960122699387,11.0,10.991564417177914,8.993098159509202,1.2269938650306749
33959,9.000786163522013,9.02319182389937,11.01179245283019,11.0,10.98191823899371,8.982311320754716,1.251572327044025
34117,8.950158227848101,9.039161392405063,11.049841772151899,11.0,10.956487341772151,9.004351265822784,1.2721518987341771
34268,8.977649006622517,9.038079470198676,11.040976821192054,10.9908940397351,10.963576158940397,8.988824503311259,1.3112582781456954
34422,8.989042207792208,9.004464285714286,11.040178571428571,11.0,10.995535714285714,8.970779220779221,1.3116883116883118
34572,8.98875,9.036666666666667,11.007916666666667,11.0,10.981666666666667,8.985,1.3333333333333333
34732,9.0,8.99453125,11.03515625,11.0,10.99140625,8.97890625,1.25
34876,8.97265625,8.99392361111111,11.057725694444445,11.0,10.995225694444445,8.98046875,1.3888888888888888
35028,8.996299342105264,9.022615131578947,11.018503289473685,11.0,10.977384868421053,8.985197368421053,1.3157894736842106
35182,8.98538961038961,9.032873376623376,11.029220779220779,11.003652597402597,10.958198051948052,8.990665584415584,1.2987012987012987
35324,9.0,9.014524647887324,11.007922535211268,11.0,10.985475352112676,8.992077464788732,1.408450704225352
35478,8.996347402597403,9.032873376623376,11.025568181818182,11.0,10.959821428571429,8.98538961038961,1.2922077922077921
35631,8.974264705882353,9.006127450980392,11.038807189542483,10.986519607843137,11.0,8.994281045751634,1.3137254901960784
35786,9.0,9.035483870967742,10.993951612903226,10.995564516129033,10.98225806451613,8.99274193548387,1.2903225806451613
35937,9.0,9.05091059602649,10.998344370860927,11.0,10.954470198675496,8.996274834437086,1.3245033112582782
36086,9.0,9.00251677852349,11.02265100671141,11.003775167785236,10.986157718120806,8.984899328859061,1.342281879194631
36247,9.0,9.025621118012422,11.003493788819876,11.0,10.974378881987578,8.996506211180124,1.2422360248447204
36392,8.996120689655172,9.00948275862069,11.019396551724139,11.0,10.975431034482758,8.999568965517241,1.3793103448275863
36544,8.985197368421053,8.997121710526315,11.025904605263158,11.0,10.99547697368421,8.996299342105264,1.3092105263157894
36687,8.9881993006993,9.044143356643357,11.019667832167832,10.966346153846153,10.98076923076923,9.000874125874127,1.4055944055944056
36831,8.97265625,9.006510416666666,11.0546875,11.0,10.985677083333334,8.98046875,1.3819444444444444
36973,8.992077464788732,9.00968309859155,11.015845070422536,11.0,10.99031690140845,8.992077464788732,1.4154929577464788
37116,8.996066433566433,9.016171328671328,11.015734265734265,10.990384615384615,10.985576923076923,8.996066433566433,1.3916083916083917
37259,9.001748251748252,9.01048951048951,11.0118006993007,11.0,10.975961538461538,9.0,1.4055944055944056
37407,9.0,9.000422297297296,11.041807432432432,11.0,10.97677364864865,8.980996621621621,1.3445945945945945
37551,8.98828125,9.028645833333334,11.03342013888889,10.99045138888889,10.99045138888889,8.96875,1.3958333333333333
37691,8.964732142857143,9.019642857142857,11.040178571428571,11.0,10.975446428571429,9.0,1.4285714285714286
37827,8.991727941176471,9.035386029411764,11.022977941176471,10.994944852941176,10.979779411764707,8.975183823529411,1.4705882352941178
37971,8.9921875,9.038194444444445,10.99826388888889,10.995225694444445,10.971354166666666,9.004774305555555,1.3888888888888888
38102,8.995706106870228,9.007156488549619,11.017175572519085,11.0,10.98425572519084,8.995706106870228,1.5190839694656488
38246,8.9921875,9.00954861111111,11.01953125,11.0,10.99045138888889,8.98828125,1.3958333333333333
38381,8.991666666666667,9.030555555555555,11.020833333333334,11.0,10.969444444444445,8.9875,1.4814814814814814
38522,8.984929078014185,8.993794326241135,11.043882978723405,11.0,10.985372340425531,8.992021276595745,1.4113475177304964
38649,8.964566929133857,9.016240157480315,11.035433070866143,11.0,10.988188976377952,8.995570866141732,1.5826771653543308
38792,8.9881993006993,9.04326923076923,11.012237762237762,10.990384615384615,10.985576923076923,8.980332167832168,1.3986013986013985
38933,8.996010638297872,9.024379432624114,11.007978723404255,11.0,10.975620567375886,8.996010638297872,1.4184397163120568
