Episodes,B2,S3,B3,B1,S2,S1,episode_len
9,10.01388888888889,10.708333333333334,9.61111111111111,9.465277777777779,10.104166666666666,10.097222222222221,3.4444444444444446
18,9.5625,10.17013888888889,10.277777777777779,10.847222222222221,10.270833333333334,8.871527777777779,3.5555555555555554
42,10.433035714285714,10.013392857142858,10.407738095238095,10.171130952380953,9.800595238095237,9.174107142857142,3.880952380952381
96,10.003255208333334,10.123046875,10.345052083333334,9.832682291666666,9.697265625,9.998697916666666,3.8541666666666665
126,9.636875,10.09375,10.32625,9.675,9.609375,10.65875,4.07
175,9.3525,10.75875,9.61375,9.298125,9.94625,11.030625,4.37
225,9.955,10.138125,10.38125,9.615,10.265,9.645625,4.44
239,10.12375,10.12,10.13875,9.55375,10.46125,9.6025,4.47
248,10.25625,9.81125,10.298125,9.751875,10.23375,9.64875,4.16
258,9.964375,9.71125,10.20375,10.144375,10.231875,9.744375,4.13
272,10.314375,9.494375,10.431875,10.37125,9.981875,9.40625,4.03
278,10.469375,9.3525,10.425625,10.460625,10.14,9.151875,4.08
287,10.5875,9.015625,10.584375,10.649375,9.928125,9.235,4.1
296,10.61125,8.97125,10.3,10.72625,10.05,9.34125,4.12
308,10.283125,9.240625,9.98625,10.6925,9.964375,9.833125,4.11
320,10.24,9.31375,10.295,10.8975,9.538125,9.715625,3.91
330,10.263125,9.324375,10.55125,10.75125,9.560625,9.549375,3.92
341,10.083125,9.465625,10.5625,10.825,9.4275,9.63625,3.81
351,10.225,9.376875,10.83,10.525625,9.4425,9.6,3.87
362,10.2275,9.571875,10.915625,10.171875,9.589375,9.52375,3.93
370,10.275,9.6225,10.795625,10.048125,9.80375,9.455,4.01
383,9.84625,9.959375,10.885,9.9175,9.778125,9.61375,3.75
394,9.90875,9.866875,10.699375,10.115,9.789375,9.620625,3.69
403,10.30125,9.5675,10.8025,10.214375,9.6375,9.476875,3.72
412,10.48125,9.628125,10.7975,10.260625,9.42125,9.41125,3.76
422,10.338125,9.75,10.605,10.2825,9.5625,9.461875,3.84
431,10.446875,9.586875,10.698125,10.360625,9.378125,9.529375,3.88
438,10.6175,9.518125,10.713125,10.32875,9.38375,9.43875,4.13
448,10.569375,9.433125,10.685625,10.301875,9.463125,9.546875,4.12
458,10.45625,9.39625,10.49,10.60875,9.331875,9.716875,4.09
470,10.368125,9.454375,10.51375,10.6125,9.275,9.77625,4.06
478,10.4325,9.395,10.218125,10.713125,9.414375,9.826875,4.22
485,10.530625,9.49,10.15875,10.69875,9.340625,9.78125,4.39
494,10.155625,9.929375,10.004375,10.38625,9.535625,9.98875,4.42
504,9.835,10.254375,9.845,10.283125,9.674375,10.108125,4.33
510,9.738125,10.0875,9.96625,10.4125,9.6825,10.113125,4.53
515,9.788125,10.054375,9.99,10.491875,9.641875,10.03375,4.66
523,10.1325,10.019375,9.97125,10.468125,9.529375,9.879375,4.75
531,9.9525,10.055625,10.034375,10.359375,9.785625,9.8125,4.83
540,9.815625,10.003125,10.11375,10.504375,9.78625,9.776875,4.73
547,9.73625,10.245625,10.058125,10.481875,9.7075,9.770625,4.88
557,9.920625,10.089375,10.10875,10.515,9.886875,9.479375,4.87
568,9.780625,10.123125,10.104375,10.53875,9.763125,9.69,4.96
575,9.744375,10.183125,10.160625,10.3475,9.778125,9.78625,4.99
586,9.731875,9.975,10.26875,10.296875,9.8025,9.925,4.8
593,10.101875,9.808125,10.271875,10.46,9.4775,9.880625,4.9
602,10.38,9.54875,10.46375,10.5075,9.25375,9.84625,4.98
610,10.538125,9.65625,10.18625,10.275625,9.371875,9.971875,4.93
617,10.501875,9.5775,10.17625,10.129375,9.46875,10.14625,4.7
627,10.373125,9.78875,10.179375,9.94375,9.5075,10.2075,4.71
636,10.499375,9.71875,10.23125,9.820625,9.475,10.255,4.6
640,10.540625,9.74875,10.1725,9.860625,9.483125,10.194375,4.85
646,10.551875,9.6725,10.223125,9.79375,9.620625,10.138125,4.93
651,10.584375,9.65125,10.320625,9.81875,9.5775,10.0475,5.13
659,10.58875,9.474375,10.485,9.746875,9.510625,10.194375,5.22
666,10.583125,9.61875,10.295,9.42875,9.6925,10.381875,5.3
677,10.721875,9.71375,10.4875,9.378125,9.350625,10.348125,5.23
685,10.69125,9.84375,10.5325,9.246875,9.485625,10.2,5.31
691,10.721875,9.88625,10.61875,9.01625,9.5175,10.239375,5.4
697,10.650625,9.99875,10.57625,8.93,9.6975,10.146875,5.51
704,10.4225,10.15875,10.50625,8.95875,9.8825,10.07125,5.68
714,10.014375,10.28,10.638125,9.27875,9.759375,10.029375,5.45
720,10.149375,10.2025,10.64375,9.391875,9.720625,9.891875,5.59
729,10.300625,9.90375,10.775625,9.74125,9.633125,9.645625,5.66
737,10.021875,9.845,10.776875,9.65,9.833125,9.873125,5.67
743,10.01125,9.801875,10.716875,9.755625,9.89875,9.815625,5.62
750,10.105625,9.7625,10.535,9.695,9.994375,9.9075,5.42
757,10.248125,9.764375,10.325,9.82125,9.861875,9.979375,5.39
762,10.283125,9.699375,10.486875,10.086875,9.576875,9.866875,5.64
768,10.488125,9.6225,10.53,10.3175,9.49625,9.545625,5.8
775,10.451875,9.501875,10.5375,10.47375,9.570625,9.464375,5.82
783,10.546875,9.370625,10.518125,10.61375,9.42625,9.524375,5.88
789,10.41875,9.39625,10.604375,10.936875,9.276875,9.366875,5.95
800,10.336875,9.58375,10.320625,11.114375,9.14375,9.500625,5.71
810,10.560625,9.190625,10.463125,11.003125,9.205625,9.576875,5.59
818,10.666875,9.221875,10.573125,10.910625,9.235625,9.391875,5.52
825,10.7125,9.338125,10.57375,10.675625,9.155,9.545,5.56
834,10.87,9.284375,10.714375,10.81125,8.97625,9.34375,5.55
842,10.7825,9.399375,10.7375,10.633125,9.03875,9.40875,5.38
850,10.675625,9.384375,10.904375,10.49,9.001875,9.54375,5.36
857,10.48125,9.515,10.95875,10.450625,9.12625,9.468125,5.36
865,10.561875,9.424375,11.0325,10.29375,9.305625,9.381875,5.03
871,10.659375,9.344375,11.03375,10.190625,9.493125,9.27875,5.02
880,10.82375,9.501875,10.905,10.096875,9.399375,9.273125,4.99
886,10.7525,9.475,10.998125,9.92875,9.42875,9.416875,4.9
893,10.814375,9.3,11.115,9.724375,9.64625,9.4,5.03
899,11.105625,9.18625,11.189375,9.868125,9.5225,9.128125,5.15
904,11.056875,9.286875,11.023125,9.610625,9.84,9.1825,5.42
911,11.285625,9.326875,11.198125,9.668125,9.61625,8.905,5.56
920,11.24875,9.684375,11.0225,9.63875,9.55125,8.854375,5.55
927,11.12875,9.75,10.960625,9.856875,9.449375,8.854375,5.47
934,10.894375,9.8975,10.641875,9.690625,9.571875,9.30375,5.64
939,11.049375,9.69875,10.798125,9.543125,9.6075,9.303125,5.79
945,10.96375,9.703125,10.71,9.773125,9.584375,9.265625,5.86
951,11.135,9.51375,10.991875,9.874375,9.306875,9.178125,6.05
956,11.07625,9.556875,10.839375,9.861875,9.355,9.310625,6.1
963,11.015625,9.576875,10.7475,9.911875,9.371875,9.37625,6.14
967,10.91,9.71625,10.873125,9.8325,9.27,9.398125,6.33
973,10.509375,9.73375,10.87875,9.959375,9.530625,9.388125,6.4
978,10.20875,9.66875,10.876875,9.875625,9.753125,9.616875,6.59
984,10.28375,9.5875,10.9075,9.82,9.730625,9.670625,6.63
988,10.464375,9.559375,10.945625,9.94875,9.589375,9.4925,6.86
993,10.3225,9.688125,10.903125,9.72125,9.556875,9.808125,6.93
999,10.06125,9.64625,10.94875,9.836875,9.60625,9.900625,7.0
1004,9.98625,9.71625,10.886875,10.1,9.224375,10.08625,6.98
1009,9.63125,9.825,10.98125,10.01375,9.284375,10.264375,7.12
1015,9.5475,9.603125,10.835625,10.0225,9.4525,10.53875,7.21
1019,9.4575,9.61125,10.85,9.8375,9.595625,10.648125,7.28
1024,9.47,9.57875,10.69125,9.698125,9.726875,10.835,7.44
1028,9.38,9.60875,10.625625,9.825,9.7825,10.778125,7.66
1032,9.31125,9.444375,10.65125,9.915,9.811875,10.86625,7.75
1038,9.330625,9.45,10.699375,10.18125,9.655625,10.683125,7.71
1043,9.513125,9.48,10.689375,10.15375,9.68625,10.4775,7.8
1047,9.64875,9.428125,10.779375,10.373125,9.57,10.200625,7.99
1054,9.586875,9.6425,10.76125,10.545625,9.56125,9.9025,7.88
1058,9.52125,9.665,10.760625,10.425625,9.6375,9.99,8.04
1062,9.593125,9.625625,10.630625,10.455625,9.644375,10.050625,8.23
1066,9.625625,9.86375,10.52875,10.29375,9.613125,10.075,8.23
1071,9.81,9.888125,10.43625,10.13125,9.45375,10.280625,8.48
1076,10.165,9.803125,10.303125,10.104375,9.421875,10.2025,8.21
1078,10.174375,9.740625,10.4,10.261875,9.28,10.143125,8.42
1082,10.0525,9.906875,10.355625,10.391875,9.228125,10.065,8.56
1085,9.92125,9.85875,10.643125,10.39,9.210625,9.97625,8.75
1089,9.593125,9.96125,10.566875,10.35,9.461875,10.066875,8.76
1093,9.534375,10.045625,10.478125,10.3175,9.588125,10.03625,8.85
1099,9.4675,10.306875,10.3525,10.08375,9.60375,10.185625,8.78
1104,9.573125,10.16375,10.42875,9.85375,9.8425,10.138125,8.68
1108,9.661875,10.01,10.323125,10.08,9.7925,10.1325,8.88
1111,9.735625,9.84875,10.49625,10.119375,9.829375,9.970625,9.09
1116,9.8975,9.933125,10.28875,10.055,9.8075,10.018125,9.18
1121,10.079375,9.67125,10.545,10.178125,9.58125,9.945,9.28
1124,10.116875,9.78375,10.46,10.16375,9.556875,9.91875,9.22
1127,10.29625,9.579375,10.448125,9.99375,9.559375,9.923125,9.41
1130,10.37,9.56125,10.390625,10.00125,9.66125,9.815625,9.48
1133,10.50125,9.771875,10.411875,9.8275,9.495,9.7925,9.5
1140,10.34625,9.829375,10.551875,9.771875,9.55375,9.746875,9.48
1145,10.405625,9.94,10.299375,9.66875,9.52125,9.965,9.5
1147,10.37,10.113125,10.25375,9.595,9.466875,10.00125,9.51
1152,10.48375,9.905,10.169375,9.691875,9.228125,10.321875,9.89
1156,10.476875,9.863125,10.078125,9.524375,9.38875,10.46875,9.94
1160,10.53375,9.981875,10.251875,9.568125,9.17875,10.285625,9.92
1164,10.6375,9.875625,10.11375,9.55,9.1125,10.510625,9.76
1167,10.734375,9.7775,10.035,9.705625,9.096875,10.450625,9.83
1172,10.69625,9.58875,10.451875,9.696875,8.8825,10.48375,9.98
1173,10.744375,9.553125,10.52125,9.626875,8.94,10.414375,10.19
1178,10.7425,9.704375,10.625625,9.858125,8.69625,10.173125,10.31
1182,11.04125,9.656875,10.746875,9.5925,8.69125,10.07125,10.23
1185,11.10875,9.578125,10.4075,9.56,8.7975,10.348125,10.26
1189,11.43,9.335625,10.6475,9.71,8.500625,10.17625,10.25
1193,11.405625,9.4075,10.6475,9.70375,8.41375,10.221875,10.24
1195,11.480625,9.225625,10.66,9.733125,8.49875,10.201875,10.45
1200,11.725,9.033125,10.833125,9.938125,8.128125,10.1425,10.58
1204,11.56875,9.07875,10.816875,9.98,8.284375,10.07125,10.79
1208,11.735625,8.97,10.82375,9.9975,8.200625,10.0725,10.74
1213,11.893125,8.7525,10.76875,10.233125,8.01875,10.13375,10.55
1216,11.865,8.709375,10.981875,10.306875,7.995625,9.94125,10.62
1218,11.870625,8.830625,10.97,10.3025,7.99,9.83625,10.86
1221,11.754375,9.096875,10.75,10.091875,8.126875,9.98,10.83
1223,11.845,9.00625,10.766875,10.159375,8.0775,9.945,10.85
1228,11.76875,9.001875,10.759375,10.163125,8.165625,9.94125,10.78
1231,11.8325,9.095625,10.860625,10.105,7.90625,10.0,10.87
1232,11.699375,8.999375,10.96875,10.07875,8.03125,10.0225,10.99
1235,11.68125,8.84125,11.016875,10.065,8.0675,9.928125,11.27
1239,11.636875,8.868125,10.7225,9.9925,8.173125,10.206875,11.56
1241,11.723125,8.8325,10.68875,10.02125,8.044375,10.29,11.59
1245,11.655625,8.793125,10.76125,10.08625,7.94625,10.3575,11.78
1248,11.669375,8.764375,10.7625,10.065,7.986875,10.351875,11.72
1251,11.72125,8.72,10.7525,9.879375,8.14,10.386875,11.92
1253,11.57375,8.715625,10.808125,9.921875,8.02875,10.351875,12.13
1255,11.45,8.799375,10.92375,9.955,7.913125,10.35875,12.3
1257,11.6,8.696875,10.845625,9.959375,7.97,10.328125,12.42
1259,11.63625,8.57875,10.835625,9.7825,7.946875,10.42,12.68
1262,11.825625,8.545,10.8525,9.59375,7.875625,10.5075,12.91
1264,11.75125,8.440625,10.938125,9.624375,7.96125,10.484375,13.06
1267,11.599375,8.54375,11.05625,9.36,8.103125,10.5375,13.13
1270,11.493125,8.5025,11.025,9.2475,8.28125,10.650625,13.18
1273,11.44625,8.58875,10.72875,9.37375,8.326875,10.735625,13.2
1275,11.41125,8.420625,10.625,9.358125,8.4875,10.6975,13.32
1278,11.359375,8.616875,10.484375,9.110625,8.730625,10.698125,13.44
1280,11.214375,8.744375,10.26625,9.17125,8.786875,10.816875,13.68
1283,11.078125,8.926875,10.261875,9.13,8.6975,10.905625,13.84
1284,11.065625,8.940625,10.290625,9.13625,8.69125,10.875625,13.77
1287,11.274375,8.7875,10.345,9.123125,8.551875,10.718125,14.15
1289,11.24625,8.763125,10.1625,8.8925,8.61625,10.919375,14.39
1291,11.46375,8.615625,10.119375,9.059375,8.5425,10.799375,14.7
1293,11.51375,8.566875,10.099375,8.971875,8.503125,10.745,14.81
1296,11.573125,8.669375,9.920625,8.94375,8.465,10.828125,14.77
1298,11.411875,8.79875,9.926875,8.909375,8.498125,10.855,14.89
1302,11.194375,8.866875,9.883125,8.951875,8.356875,10.946875,15.16
1303,11.280625,8.855625,9.803125,8.871875,8.270625,10.918125,15.36
1305,11.063125,8.8825,9.869375,8.845,8.403125,10.736875,15.56
1307,10.9475,8.95625,9.88625,8.69625,8.540625,10.773125,15.85
1308,10.939375,8.9325,9.720625,8.72,8.435625,10.851875,15.97
1310,10.86125,9.060625,9.71625,8.58875,8.254375,10.91875,16.24
1311,10.699375,9.029375,9.72125,8.473125,8.363125,10.91375,16.5
1315,10.431875,9.140625,9.82125,8.310625,8.29,11.205625,16.55
1317,10.353125,9.298125,9.719375,8.269375,8.301875,11.258125,16.6
1319,10.2475,9.0925,9.796875,8.4275,8.43625,11.199375,16.66
1321,10.234375,8.919375,9.8,8.4525,8.39625,11.1975,16.94
1325,10.1325,8.975625,9.950625,8.351875,8.561875,11.0275,16.91
1327,10.02125,9.186875,9.806875,8.3125,8.465,11.0075,17.17
1329,9.8125,9.315,9.621875,8.360625,8.51625,10.97375,17.36
1331,9.665625,9.2825,9.865,8.3875,8.3925,11.006875,17.3
1333,9.78625,9.4025,9.648125,8.423125,8.28,11.06,17.39
1335,9.866875,9.4375,9.54625,8.54125,8.26875,10.939375,17.5
1336,9.7275,9.42625,9.65875,8.5875,8.2225,10.7775,17.63
1338,9.7375,9.5275,9.703125,8.44125,8.028125,10.7625,17.86
1340,9.8,9.5225,9.578125,8.335,8.179375,10.785,18.17
1342,9.610625,9.531875,9.6475,8.31125,8.234375,10.864375,18.1
1343,9.595625,9.364375,9.693125,8.233125,8.249375,10.864375,18.37
1345,9.489375,9.52,9.496875,8.105,8.3075,10.88125,18.69
1346,9.51625,9.385,9.47625,8.246875,8.27375,10.901875,18.76
1348,9.285,9.474375,9.428125,8.019375,8.448125,10.945,19.04
1350,9.281875,9.435,9.308125,7.94,8.5275,10.9075,19.21
1351,9.29375,9.365625,9.394375,7.895,8.455,10.79625,19.46
1353,9.3325,9.46875,9.15625,7.776875,8.651875,10.81375,19.64
1354,9.38375,9.345625,9.1425,7.691875,8.70625,10.73,19.7
1355,9.344375,9.185,9.040625,7.733125,8.608125,10.68875,19.88
1356,9.24375,9.0175,8.99375,7.733125,8.67625,10.735625,20.01
1358,8.96125,8.915,8.95375,7.766875,8.8425,10.760625,20.19
1359,8.966875,8.909375,8.874375,7.718125,8.89125,10.84,20.27
1360,8.809375,8.866875,8.740625,7.66625,8.825,10.691875,20.29
1362,8.62125,8.890625,8.841875,7.62125,8.64,10.385,20.63
1363,8.63625,8.796875,8.78875,7.566875,8.633125,10.378125,20.72
1365,8.569375,8.66375,8.454375,7.6125,8.6225,10.0775,20.98
1366,8.69875,8.501875,8.41625,7.5675,8.505625,9.91,21.23
1367,8.69875,8.458125,8.26,7.551875,8.381875,9.849375,21.45
1369,8.6125,8.491875,7.96625,7.585,8.10625,9.838125,21.65
1370,8.46625,8.4575,7.800625,7.525,7.96625,9.784375,21.89
1371,8.401875,8.36,7.77375,7.4225,7.793125,9.64875,21.97
1372,8.39625,8.20375,7.709375,7.37875,7.79875,9.513125,22.01
1374,8.14625,8.121875,7.613125,7.060625,7.618125,9.44,22.45
1375,8.006875,8.06125,7.524375,7.060625,7.506875,9.44,22.45
1376,7.95375,7.8825,7.51375,7.039375,7.4875,9.323125,22.57
1378,7.68625,7.819375,7.629375,6.795625,7.248125,9.22125,22.95
1379,7.546875,7.809375,7.583125,6.6875,7.2125,9.160625,23.04
1380,7.514375,7.641875,7.524375,6.650625,7.249375,9.019375,23.07
1382,7.205,7.55875,7.373125,6.56625,7.280625,8.81625,23.38
1383,7.196875,7.4175,7.314375,6.41125,7.385,8.675,23.45
1384,7.27875,7.269375,7.22,6.3325,7.33,8.569375,23.67
1386,6.958125,7.2325,6.93875,6.248125,7.41125,8.41125,23.81
1387,6.824375,7.07875,6.900625,6.201875,7.345,8.249375,23.96
1388,6.735625,7.228125,6.856875,6.201875,7.284375,8.093125,23.96
1389,6.746875,7.215625,6.929375,6.266875,7.22625,8.015,24.11
1391,6.4425,7.143125,6.895,6.001875,7.14625,7.97125,24.27
1392,6.280625,7.000625,6.8375,5.96,6.988125,7.933125,24.5
1393,6.2275,6.85375,6.8375,5.9025,6.988125,7.790625,24.5
1395,5.995,6.676875,6.89375,5.635,6.95125,7.648125,24.8
1396,6.055625,6.62125,6.85,5.56375,6.8175,7.491875,24.95
1398,6.020625,6.50375,6.581875,5.585625,6.638125,7.27,25.26
1399,5.95625,6.399375,6.74625,5.49,6.67375,7.134375,25.26
1400,6.049375,6.246875,6.668125,5.348125,6.815625,7.071875,25.46
1402,5.931875,6.045,6.43,5.23625,6.6,6.956875,25.87
1403,5.774375,5.93625,6.50125,5.145,6.5575,7.085625,25.87
1404,5.774375,5.91875,6.4875,4.9625,6.4425,7.214375,25.87
1406,5.668125,5.675,6.579375,4.84625,6.14875,7.0825,26.06
1407,5.523125,5.63375,6.420625,4.839375,6.09375,7.089375,26.18
1408,5.43625,5.623125,6.420625,4.65,6.09375,6.97625,26.18
1409,5.371875,5.57875,6.465,4.803125,6.140625,6.840625,26.18
1411,5.311875,5.78375,6.228125,4.86,5.85375,6.5625,26.26
1412,5.2475,5.646875,6.126875,4.796875,5.818125,6.56375,26.35
1413,5.280625,5.708125,6.028125,4.651875,5.7825,6.54875,26.58
1415,5.23,5.53625,5.86125,4.461875,5.71125,6.399375,26.95
1416,5.116875,5.52125,5.87625,4.3825,5.64125,6.461875,27.1
1417,5.12375,5.3775,5.98,4.32625,5.5375,6.455,27.21
1419,5.00625,5.40125,5.83375,4.160625,5.22625,6.371875,27.47
1420,4.923125,5.40125,5.78875,4.160625,5.109375,6.216875,27.47
1421,4.8725,5.335,5.655,3.9975,5.0725,6.0675,27.63
1423,4.71375,5.13875,5.45375,3.8925,4.91875,5.8825,27.83
1424,4.661875,4.990625,5.314375,3.8325,4.77875,5.821875,28.04
1425,4.80125,5.0275,5.22125,3.7325,4.595625,5.821875,28.27
1426,4.89,4.931875,5.22125,3.7475,4.440625,5.96875,28.27
1428,4.894375,4.68625,5.28625,3.53125,4.368125,5.83375,28.43
1429,4.9975,4.539375,5.2275,3.49625,4.203125,5.73625,28.62
1430,5.11,4.385625,5.051875,3.595,4.23375,5.62375,28.75
1432,4.78125,4.303125,4.821875,3.341875,4.2925,5.459375,28.97
1433,4.9375,4.179375,4.789375,3.41,4.35875,5.325,28.97
1434,4.76875,4.00875,4.899375,3.3375,4.291875,5.29375,29.02
1436,4.6225,3.905625,4.8625,3.056875,4.065625,5.286875,29.19
1437,4.55125,3.776875,4.868125,3.135,4.09,5.37875,29.19
1438,4.388125,3.648125,4.796875,3.1125,4.053125,5.20125,29.34
1440,4.123125,3.376875,4.7025,3.148125,3.85125,4.998125,29.38
1441,4.051875,3.33,4.5925,2.995,3.96125,4.869375,29.52
1442,4.161875,3.214375,4.5475,2.910625,3.85,4.715625,29.66
1444,3.958125,3.344375,4.506875,2.8775,3.64125,4.471875,29.72
1445,3.958125,3.278125,4.56625,2.83375,3.64125,4.3225,29.72
1446,3.96375,3.338125,4.6325,2.66375,3.503125,4.29875,29.77
1448,3.873125,3.350625,4.696875,2.57375,3.25875,4.046875,29.88
1449,3.865,3.440625,4.806875,2.523125,3.16,4.004375,29.88
1450,3.71875,3.386875,4.734375,2.479375,3.00375,3.876875,29.89
1452,3.535,3.40375,4.661875,2.403125,2.930625,4.065625,29.89
1453,3.481875,3.275,4.68875,2.331875,2.8925,3.93,29.93
1454,3.35375,3.275,4.52,2.331875,2.820625,3.89875,29.93
1456,3.49875,3.44375,4.713125,2.214375,2.708125,3.621875,29.93
1457,3.56625,3.57625,4.67125,2.10875,2.81375,3.66375,29.81
1458,3.56625,3.57625,4.631875,2.069375,2.653125,3.503125,29.81
1460,3.53125,3.61125,4.571875,2.034375,2.488125,3.363125,29.86
1462,3.5,3.640625,4.336875,2.068125,2.654375,3.6,29.68
1463,3.44,3.640625,4.336875,2.179375,2.50625,3.496875,29.68
1464,3.289375,3.59125,4.396875,2.034375,2.59125,3.496875,29.68
1466,3.1275,3.59125,4.530625,2.13125,2.619375,3.8,29.68
1467,2.988125,3.59125,4.530625,2.13125,2.55875,3.8,29.68
1468,2.988125,3.59125,4.530625,2.065625,2.55875,3.665625,29.68
1470,2.95,3.45125,4.773125,2.005625,2.55875,3.66125,29.68
1471,2.95,3.511875,4.9125,2.13375,2.55875,3.733125,29.68
1472,2.81625,3.511875,4.9825,2.13375,2.6225,3.733125,29.68
1474,2.81625,3.511875,4.925,2.13375,2.6225,3.590625,29.68
1475,2.81625,3.511875,4.925,2.20625,2.75,3.590625,29.68
1476,2.81625,3.511875,5.00875,2.20625,2.66625,3.590625,29.68
1477,2.86,3.4175,5.103125,2.20625,2.66625,3.746875,29.68
1479,3.010625,3.23,4.9975,2.15,2.66625,3.945625,29.68
1480,3.168125,3.23,4.9975,2.084375,2.531875,3.988125,29.68
1482,3.253125,3.14125,4.946875,2.260625,2.525,4.273125,29.63
1483,3.2025,3.225625,4.946875,2.37625,2.375625,4.273125,29.63
1484,3.146875,3.225625,5.025,2.37625,2.43125,4.395,29.63
1486,3.29625,3.225625,4.985625,2.37625,2.32125,4.395,29.63
1487,3.29625,3.225625,4.985625,2.37625,2.32125,4.395,29.63
1488,3.36125,3.160625,4.985625,2.51,2.32125,4.46125,29.63
1490,3.32625,3.196875,4.793125,2.4975,2.31375,4.4725,29.65
1491,3.39625,3.196875,4.7425,2.4975,2.31375,4.453125,29.65
1492,3.445625,3.196875,4.7425,2.4975,2.31375,4.60375,29.65
1493,3.445625,3.196875,4.7425,2.555,2.45625,4.60375,29.65
1495,3.388125,3.196875,4.57125,2.606875,2.4275,4.609375,29.65
1496,3.26125,3.233125,4.57125,2.6975,2.4275,4.609375,29.65
1497,3.26125,3.233125,4.57125,2.6975,2.4275,4.609375,29.65
1499,3.54625,3.148125,4.5225,2.52625,2.391875,4.665,29.65
1500,3.405625,3.148125,4.661875,2.509375,2.269375,4.605625,29.65
1501,3.405625,3.148125,4.76625,2.509375,2.3075,4.463125,29.65
1503,3.405625,3.35,4.845625,2.556875,2.3075,4.334375,29.65
1504,3.405625,3.509375,4.774375,2.5975,2.3075,4.205625,29.65
1505,3.56875,3.498125,4.785625,2.5975,2.344375,4.205625,29.65
1507,3.56875,3.66375,4.858125,2.631875,2.344375,4.133125,29.65
1508,3.67875,3.75375,4.858125,2.631875,2.344375,4.133125,29.65
1509,3.83625,3.630625,4.78125,2.47875,2.34,4.133125,29.65
1511,3.83625,3.500625,4.930625,2.325,2.34,4.2675,29.65
1512,3.83625,3.6225,4.8675,2.403125,2.34,4.130625,29.65
1514,4.00625,3.600625,4.691875,2.743125,2.41375,4.144375,29.56
1515,3.99,3.731875,4.8675,2.743125,2.438125,4.029375,29.56
1516,3.99,3.59625,4.803125,2.6925,2.438125,3.88,29.56
1518,4.11125,3.59625,4.65,2.781875,2.6375,3.823125,29.56
1519,4.11125,3.434375,4.611875,2.72875,2.6375,3.67625,29.56
1520,4.11125,3.434375,4.669375,2.72875,2.78,3.67625,29.56
1521,4.22,3.434375,4.669375,2.72875,2.87125,3.67625,29.56
1523,4.40125,3.53125,4.669375,2.72875,2.87125,3.798125,29.56
1524,4.54625,3.53125,4.72,2.72875,2.92625,3.9475,29.56
1525,4.518125,3.394375,4.726875,2.72875,2.998125,4.03375,29.56
1527,4.46125,3.328125,4.64875,2.76625,3.12125,4.074375,29.56
1528,4.305,3.414375,4.71875,2.76625,3.12125,4.074375,29.56
1530,4.226875,3.6675,4.96,2.765,3.170625,4.01,29.46
1531,4.3675,3.6675,4.96,2.711875,3.083125,4.01,29.46
1532,4.518125,3.740625,4.96,2.83875,3.1325,4.01,29.46
1534,4.446875,3.811875,4.87125,2.705,3.005625,4.159375,29.46
1535,4.446875,3.811875,4.87125,2.705,3.005625,4.159375,29.46
1536,4.446875,3.96,4.77,2.705,3.005625,4.1125,29.46
1538,4.544375,4.0625,4.594375,2.626875,2.98125,3.990625,29.46
1539,4.544375,4.0625,4.594375,2.626875,2.98125,3.990625,29.46
1540,4.70625,4.0625,4.594375,2.468125,2.978125,3.990625,29.46
1542,4.55,4.224375,4.639375,2.50625,2.806875,4.273125,29.46
1543,4.55,4.069375,4.639375,2.46125,2.806875,4.273125,29.46
1544,4.55,3.979375,4.529375,2.46125,2.806875,4.273125,29.46
1545,4.6825,3.956875,4.419375,2.46125,2.806875,4.273125,29.46
1547,4.76,3.776875,4.199375,2.46125,2.806875,4.195625,29.46
1548,4.76,3.686875,4.089375,2.46125,2.806875,4.195625,29.46
1549,4.610625,3.596875,3.979375,2.46125,2.75625,4.195625,29.46
1551,4.920625,3.5375,3.895625,2.605,2.906875,4.134375,29.46
1552,4.934375,3.5375,3.940625,2.605,3.009375,4.173125,29.46
1553,5.031875,3.5375,3.849375,2.605,3.003125,4.173125,29.46
1555,5.081875,3.453125,3.73375,2.605,3.153125,4.173125,29.46
1556,5.179375,3.36875,3.618125,2.605,3.255625,4.173125,29.46
1557,5.254375,3.23625,3.484375,2.53375,3.184375,4.106875,29.58
1559,5.2275,3.164375,3.484375,2.53375,3.483125,4.106875,29.58
1560,5.2275,3.164375,3.581875,2.53375,3.483125,4.209375,29.58
1561,5.255,3.008125,3.621875,2.5,3.445625,4.169375,29.76
1562,5.346875,3.008125,3.621875,2.5,3.445625,4.0775,29.76
1564,5.456875,3.216875,3.643125,2.419375,3.305625,4.158125,29.76
1565,5.456875,3.216875,3.643125,2.374375,3.239375,4.069375,29.76
1567,5.456875,3.399375,3.860625,2.5425,3.239375,4.10125,29.76
1568,5.456875,3.4975,3.9625,2.5425,3.239375,4.10125,29.76
1569,5.5725,3.581875,3.79125,2.5425,3.239375,4.0725,29.76
1571,5.6825,3.696875,3.689375,2.53,3.329375,3.871875,29.76
1572,5.6825,3.696875,3.619375,2.53,3.199375,3.871875,29.76
1573,5.6825,3.788125,3.728125,2.595625,3.199375,4.00625,29.76
1575,5.8375,3.956875,3.728125,2.63875,3.2325,4.00625,29.76
1576,5.940625,4.046875,3.571875,2.74875,3.18875,4.103125,29.76
1578,5.946875,4.125625,3.705625,2.839375,3.298125,4.084375,29.67
1579,6.05,4.125625,3.655,2.839375,3.298125,4.031875,29.67
1580,5.995625,4.125625,3.7525,2.839375,3.400625,4.08625,29.67
1582,6.105625,4.276875,3.765,2.663125,3.388125,3.80125,29.72
1583,6.20875,4.1925,3.765,2.5475,3.485,3.80125,29.72
1584,6.23375,4.289375,3.686875,2.5475,3.363125,3.679375,29.72
1586,6.290625,4.483125,3.831875,2.5475,3.3125,3.734375,29.72
1587,6.388125,4.585625,3.831875,2.5475,3.3125,3.734375,29.72
1588,6.386875,4.59125,3.941875,2.41375,3.3125,3.75375,29.72
1590,6.49125,4.686875,3.844375,2.32375,3.21,3.84375,29.72
1591,6.53125,4.776875,4.001875,2.32375,3.21,3.75625,29.72
1593,6.701875,4.956875,4.10375,2.2875,3.0675,3.8825,29.72
1594,6.8175,5.046875,4.21375,2.235625,3.0675,3.81875,29.72
1595,6.8175,5.136875,4.32375,2.235625,3.0675,3.81875,29.72
1597,6.9625,5.2075,4.54375,2.215,3.1225,3.94875,29.72
1598,6.90125,5.274375,4.538125,2.305625,3.231875,3.94875,29.54
1600,6.845625,5.42,4.50875,2.389375,3.17125,4.065,29.54
1601,6.99625,5.516875,4.4625,2.4925,3.1825,4.149375,29.52
1603,7.14125,5.543125,4.543125,2.616875,3.2375,4.318125,29.45
1604,7.14125,5.38375,4.543125,2.691875,3.2375,4.4025,29.45
1606,7.075625,5.36375,4.253125,2.9175,3.200625,4.589375,29.45
1607,7.075625,5.253125,4.27375,2.93,3.290625,4.576875,29.45
1608,6.965625,5.163125,4.27375,2.93,3.290625,4.576875,29.45
1610,7.074375,5.251875,4.19,3.125,3.3325,4.62625,29.45
1611,7.171875,5.251875,4.124375,3.23375,3.42375,4.594375,29.45
1613,7.316875,5.09375,4.294375,3.205625,3.515,4.774375,29.26
1614,7.258125,5.06375,4.2425,3.133125,3.57375,4.72875,29.35
1615,7.189375,4.9325,4.163125,3.133125,3.549375,4.8325,29.35
1617,7.286875,4.9325,4.265,3.04375,3.60875,4.863125,29.35
1618,7.350625,4.9325,4.265,3.04375,3.473125,4.935,29.35
1619,7.47875,5.08875,4.30875,3.15375,3.545,5.025,29.34
1621,7.37,5.211875,4.399375,3.15375,3.44,5.025,29.34
1622,7.291875,5.211875,4.399375,3.26375,3.44,4.993125,29.34
1623,7.18875,5.115,4.399375,3.37375,3.44,5.083125,29.34
1625,7.061875,5.115,4.394375,3.37375,3.45125,4.80375,29.34
1626,6.985,5.115,4.394375,3.283125,3.328125,4.694375,29.34
1627,6.985,5.249375,4.3625,3.283125,3.328125,4.591875,29.34
1628,6.985,5.119375,4.380625,3.283125,3.44,4.591875,29.34
1630,6.75625,4.86625,4.271875,3.139375,3.335625,4.630625,29.44
1631,6.615625,4.916875,4.42125,3.20375,3.27625,4.76625,29.44
1632,6.465,4.84375,4.42125,3.076875,3.226875,4.76625,29.44
1634,6.42375,4.885,4.370625,3.185625,3.226875,4.708125,29.44
1635,6.42375,4.885,4.370625,3.185625,3.226875,4.708125,29.44
1636,6.42375,4.815625,4.44,3.335,3.2775,4.708125,29.44
1637,6.375625,4.86375,4.530625,3.335,3.2775,4.8175,29.44
1641,6.609375,5.06875,4.7525,3.670625,3.65,5.04875,28.9
1645,6.890625,5.146875,5.06,3.9625,4.076875,5.263125,28.09
1646,6.988125,5.146875,5.06,4.078125,4.179375,5.3475,28.09
1648,7.038125,5.146875,5.06,4.199375,4.258125,5.4975,28.09
1649,7.135625,5.146875,5.1575,4.199375,4.360625,5.6,28.09
1650,7.076875,5.2,5.26625,4.054375,4.360625,5.641875,28.09
1651,6.92875,5.148125,5.369375,4.005,4.21,5.73875,28.09
1653,6.95375,5.344375,5.530625,4.20875,4.191875,5.770625,27.99
1654,6.96625,5.360625,5.714375,4.20875,4.089375,5.860625,27.99
1656,6.99125,5.360625,5.83,4.20875,3.96875,6.040625,27.99
1661,7.265625,5.80875,6.185,4.76375,3.89125,6.285625,26.76
1663,7.231875,5.8875,6.410625,4.76375,3.98125,6.325,26.76
1664,7.364375,5.76875,6.439375,4.68125,4.07125,6.275,26.76
1666,7.571875,5.6775,6.416875,4.57125,4.25125,6.31125,26.76
1667,7.669375,5.58625,6.418125,4.46125,4.34125,6.32375,26.76
1670,7.7475,5.57375,6.609375,4.62,4.376875,6.6725,26.42
1671,7.845,5.4825,6.500625,4.7175,4.479375,6.775,26.42
1672,7.9425,5.4825,6.61625,4.7175,4.581875,6.859375,26.42
1673,8.045625,5.39125,6.6175,4.651875,4.671875,6.821875,26.42
1681,8.108125,5.454375,6.965625,5.165,4.875,7.031875,24.71
1682,8.11375,5.408125,7.08125,5.30875,4.971875,7.11625,24.61
1684,8.1025,5.31125,7.19125,5.30875,4.965,7.32125,24.61
1685,8.096875,5.214375,7.30125,5.30875,5.055,7.42375,24.61
1687,8.096875,5.015,7.24,5.40625,5.254375,7.5875,24.61
1688,8.085625,4.925,7.13,5.5375,5.35125,7.570625,24.61
1690,7.865625,4.745,7.341875,5.7,5.538125,7.609375,24.61
1691,7.755625,4.655,7.294375,5.80875,5.628125,7.658125,24.61
1693,7.645625,4.565,7.385,5.92875,5.835625,7.64,24.57
1703,7.94,4.573125,7.424375,6.4575,6.465625,7.939375,22.16
1706,8.2175,4.616875,7.728125,6.33375,6.7325,7.97125,21.62
1708,8.4125,4.778125,7.856875,6.45375,6.825,8.07375,21.52
1711,8.346875,4.834375,8.220625,6.4625,6.936875,8.19875,21.01
1712,8.34125,4.834375,8.220625,6.465625,6.9325,8.205625,21.01
1714,8.11,4.768125,8.281875,6.464375,6.96875,8.206875,21.2
1716,8.238125,4.915,8.3025,6.5175,7.039375,8.1875,21.06
1717,8.225625,4.915,8.405625,6.5175,7.051875,8.284375,21.06
1719,8.085,4.75875,8.5625,6.509375,7.1625,8.321875,21.07
1720,8.085,4.635625,8.583125,6.594375,7.2775,8.424375,21.07
1721,8.18125,4.739375,8.511875,6.690625,7.2525,8.424375,21.07
1723,8.29125,4.84875,8.689375,6.6575,7.481875,8.43125,21.04
1724,8.260625,4.958125,8.689375,6.748125,7.428125,8.515625,21.04
1725,8.37625,5.0675,8.57375,6.83875,7.34375,8.6,21.04
1727,8.37625,5.151875,8.616875,7.02,7.34375,8.69125,21.04
1728,8.37625,5.22375,8.656875,7.1175,7.231875,8.79375,21.04
1729,8.37625,5.22375,8.656875,7.215,7.231875,8.89625,21.04
1731,8.37625,5.173125,8.4725,7.32625,7.334375,8.9175,21.04
1732,8.37625,5.264375,8.58125,7.41125,7.334375,9.0325,21.04
1734,8.4175,5.223125,8.58125,7.3025,7.334375,8.94125,21.04
1735,8.54875,5.223125,8.58125,7.3025,7.403125,8.94125,21.04
1737,8.534375,5.15875,8.539375,7.323125,7.3825,9.061875,20.92
1739,8.43125,5.3525,8.675625,7.429375,7.23125,9.08,20.65
1740,8.473125,5.346875,8.676875,7.319375,7.133125,9.050625,20.92
1742,8.278125,5.141875,8.570625,7.3,7.13625,8.973125,21.46
1743,8.180625,5.039375,8.559375,7.293125,7.135,8.9925,21.73
1744,8.083125,4.936875,8.548125,7.28625,7.13375,9.011875,22.0
1746,7.864375,5.04625,8.6675,7.27375,7.099375,8.84875,22.0
1747,7.766875,5.13875,8.775,7.255625,7.1175,8.74625,22.0
1748,7.785,5.275625,8.838125,7.35875,7.214375,8.728125,21.93
1751,7.925625,5.46625,8.6825,7.714375,7.291875,8.719375,21.6
1752,7.936875,5.446875,8.579375,7.72125,7.201875,8.71375,21.63
1754,7.959375,5.49,8.2925,7.836875,7.19625,8.625,21.7
1761,7.93125,5.675625,8.286875,8.03,7.34125,8.535,21.31
1762,7.93125,5.68375,8.299375,8.1375,7.43125,8.516875,21.26
1763,7.925625,5.691875,8.189375,8.245,7.43125,8.516875,21.26
1765,7.683125,5.831875,8.029375,8.431875,7.355,8.46875,21.26
1766,7.585625,5.831875,8.0075,8.5225,7.376875,8.475625,21.26
1767,7.488125,5.831875,7.985625,8.613125,7.39875,8.4825,21.26
1769,7.281875,5.661875,8.039375,8.6175,7.544375,8.455,21.46
1771,7.19,5.645,8.171875,8.60375,7.520625,8.46875,21.4
1773,6.989375,5.754375,8.16625,8.785,7.508125,8.396875,21.4
1774,6.99625,5.754375,8.16625,8.88125,7.611875,8.39,21.4
1777,6.995,5.710625,8.039375,8.815625,7.588125,8.45125,21.72
1779,6.97,5.75125,7.92375,8.793125,7.57,8.391875,21.98
1780,6.975625,5.775,7.808125,8.769375,7.564375,8.3075,22.25
1782,6.9825,5.83375,7.82375,8.504375,7.460625,8.195,22.62
1783,6.995,5.930625,7.926875,8.504375,7.550625,8.0925,22.62
1786,6.995,6.124375,7.92125,8.755625,7.575625,8.028125,22.31
1787,6.995,6.1875,8.01875,8.795,7.575625,8.028125,22.23
1789,7.08,6.1875,8.10375,8.555,7.59375,8.08,22.23
1790,7.170625,6.1875,8.099375,8.451875,7.599375,8.09125,22.23
1791,7.26125,6.1875,8.086875,8.343125,7.611875,8.109375,22.23
1793,7.39375,6.181875,8.095,8.3175,7.561875,8.05,22.27
1795,7.39375,6.128125,8.090625,8.16,7.5675,8.06,22.66
1796,7.3825,6.12125,8.091875,8.166875,7.573125,8.064375,22.85
1798,7.365625,6.08125,8.094375,8.006875,7.584375,8.0675,23.28
1800,7.354375,5.8875,8.096875,7.800625,7.595625,8.065,23.84
1801,7.355625,5.790625,8.098125,7.6975,7.60125,8.056875,24.12
1803,7.32625,5.713125,8.073125,7.6,7.62625,8.06125,24.41
1816,7.394375,6.1775,8.040625,7.74,7.84125,8.00625,22.46
1831,8.26375,6.91125,8.674375,8.08375,8.476875,8.19,18.38
1847,9.304375,7.590625,9.164375,8.64375,9.2225,8.874375,14.29
1852,9.21375,7.615,9.463125,8.554375,9.43,8.92375,13.41
1854,9.171875,7.4575,9.669375,8.336875,9.5325,9.031875,13.41
1856,9.171875,7.32875,9.78375,8.265625,9.5325,9.1175,13.57
1859,9.1525,7.2925,9.80625,8.32,9.515625,9.113125,13.86
1866,9.509375,7.460625,10.141875,8.3125,9.530625,9.245,12.83
1871,9.984375,7.780625,10.145625,8.271875,9.490625,9.126875,11.95
1872,10.1,7.780625,10.15125,8.18125,9.485,9.101875,11.95
1874,9.99,7.67125,10.245,8.189375,9.4875,9.216875,11.95
1875,9.995625,7.67125,10.335625,8.091875,9.505625,9.2,11.95
1877,10.020625,7.541875,10.3275,8.03375,9.51,9.16625,12.28
1879,10.081875,7.414375,10.42375,7.93625,9.529375,9.214375,12.37
1885,10.05,7.25625,10.539375,8.250625,9.606875,9.496875,11.28
1902,10.300625,8.1775,10.819375,9.68375,9.45875,9.16,7.0
1909,10.38875,8.156875,10.893125,9.896875,9.35125,9.113125,6.8
1922,10.76375,7.985625,11.045,9.974375,9.1475,8.88375,6.91
1923,10.660625,7.98,11.04375,9.98,9.14875,8.786875,7.19
1925,10.476875,7.98,11.04125,9.98,9.15125,8.770625,7.63
1926,10.37375,7.98,11.034375,9.98,9.054375,8.7775,7.91
1928,10.379375,7.9675,11.048125,9.77375,8.860625,8.770625,8.47
1933,10.2625,8.026875,11.01375,9.745625,8.769375,8.781875,8.7
1936,10.38375,7.960625,10.9875,9.74,8.751875,8.77625,9.06
1949,10.28375,8.039375,10.953125,9.700625,8.831875,8.79125,9.22
1950,10.275625,8.0325,10.96,9.695,8.8375,8.799375,9.47
1952,10.2675,8.001875,10.940625,9.726875,8.869375,8.79375,9.59
1955,10.199375,8.299375,10.928125,10.019375,8.743125,8.810625,9.37
1956,10.089375,8.243125,10.915625,9.875625,8.653125,8.823125,9.48
1957,10.11875,8.175625,10.903125,9.743125,8.62375,8.835625,9.61
1959,9.906875,8.015625,10.88625,9.659375,8.6975,8.834375,10.0
1960,9.944375,7.965625,10.891875,9.645625,8.72375,8.82875,9.99
1962,9.90875,7.771875,10.903125,9.46125,8.771875,8.783125,10.53
1977,10.081875,8.2725,11.038125,9.85125,8.88875,8.6675,8.65
1979,9.9175,8.31,11.06875,9.94875,8.8875,8.6675,8.64
1980,9.9175,8.31,11.09375,9.9375,8.880625,8.660625,8.64
1982,9.680625,8.134375,11.090625,9.71875,8.88625,8.489375,9.2
1983,9.669375,8.14,11.028125,9.76625,8.943125,8.453125,9.48
1984,9.66375,8.055625,11.01,9.65625,8.9375,8.476875,9.76
1989,9.675,7.99375,10.919375,9.534375,8.909375,8.568125,10.14
1992,9.675,8.010625,10.883125,9.536875,8.8925,8.601875,10.32
1994,9.658125,8.010625,10.87625,9.316875,8.89375,8.444375,10.88
1995,9.6275,8.01625,10.870625,9.316875,8.89375,8.475,11.11
1997,9.61125,8.03,10.8525,9.314375,8.941875,8.45,11.55
1999,9.36875,8.0425,10.84,9.334375,8.761875,8.4525,12.09
2003,9.31,8.058125,10.79625,9.310625,8.831875,8.493125,12.34
2004,9.304375,8.06375,10.789375,9.189375,8.7475,8.505625,12.61
2005,9.18875,8.069375,10.67375,9.178125,8.663125,8.426875,12.88
2016,8.87875,8.21125,10.619375,9.11,8.615625,8.565,12.98
2017,8.860625,8.126875,10.61375,9.00125,8.614375,8.583125,13.25
2019,8.72125,8.0875,10.653125,8.97875,8.534375,8.625,13.78
2027,9.011875,8.16875,10.701875,9.014375,8.6725,8.830625,12.69
2029,9.10375,8.070625,10.715625,9.014375,8.8525,8.843125,12.42
2031,9.120625,8.05125,10.77125,8.9225,8.709375,8.825,12.79
2042,9.208125,7.9025,11.01875,9.015,8.568125,8.6875,12.53
2050,9.359375,7.9425,11.013125,9.080625,8.468125,8.53625,12.39
2051,9.385625,7.83875,11.026875,8.9775,8.441875,8.529375,12.44
2054,9.37,7.72125,11.041875,8.799375,8.350625,8.516875,12.72
2059,9.715625,8.101875,11.035,9.045625,8.45125,8.450625,11.64
2061,9.6625,8.235,11.0125,9.16375,8.39375,8.5325,11.25
2063,9.5525,8.318125,10.99,9.170625,8.39375,8.375,11.43
2065,9.5525,8.318125,10.9675,9.119375,8.38,8.2625,11.72
2067,9.4425,8.318125,10.945,8.913125,8.27625,8.105,12.28
2068,9.41625,8.318125,10.93375,8.81,8.179375,8.1425,12.56
2071,9.311875,8.318125,10.9,8.7125,8.064375,8.093125,12.96
2072,9.273125,8.318125,10.88875,8.735,8.041875,8.143125,13.13
2074,9.1325,8.24625,10.75625,8.643125,8.03625,7.985625,13.69
2075,9.1325,8.229375,10.761875,8.54,8.029375,7.906875,13.97
2077,9.14375,8.218125,10.739375,8.33375,8.015625,7.749375,14.53
2078,9.18125,8.09625,10.728125,8.230625,8.00875,7.755,14.73
2080,9.3875,8.180625,10.703125,8.14,8.00875,7.78,14.67
2081,9.485,8.180625,10.593125,8.255625,8.02125,7.864375,14.67
2083,9.57,8.18875,10.641875,8.098125,7.976875,7.924375,14.67
2085,9.53375,8.286875,10.639375,8.269375,8.02,7.850625,14.55
2087,9.503125,8.289375,10.65625,8.269375,8.03125,7.850625,14.78
2096,9.35,8.33125,10.623125,8.501875,8.085625,8.108125,13.64
2100,9.603125,8.27375,10.413125,8.551875,8.236875,8.12125,13.24
2101,9.61,8.268125,10.303125,8.43625,8.145625,8.036875,13.39
2102,9.5975,8.275,10.193125,8.320625,8.06125,7.9525,13.66
2104,9.54875,8.275,10.084375,8.44875,8.043125,7.8,13.78
2105,9.54875,8.275,10.194375,8.43625,8.145625,7.8,13.78
2107,9.6825,8.281875,9.988125,8.319375,8.04875,7.679375,14.05
2108,9.735,8.229375,9.885,8.209375,7.95875,7.5825,14.32
2109,9.735,8.229375,9.935,8.12125,7.90875,7.470625,14.58
2111,9.729375,8.241875,9.85,8.04625,7.800625,7.331875,14.97
2113,9.7125,8.266875,9.63,7.82625,7.620625,7.14375,15.51
2114,9.7125,8.27375,9.4975,7.841875,7.598125,7.07625,15.78
2116,9.7475,8.294375,9.3,7.82125,7.52625,7.110625,16.05
2117,9.741875,8.384375,9.19,7.93125,7.53875,7.01375,16.05
2119,9.86875,8.44875,8.989375,7.9425,7.66875,6.881875,15.94
2121,9.89375,8.430625,8.8325,7.960625,7.625625,6.856875,16.43
2122,9.79625,8.418125,8.860625,7.973125,7.5975,6.754375,16.58
2123,9.69875,8.315625,8.86625,7.93875,7.644375,6.73625,16.85
2125,9.50375,8.290625,8.9,7.96375,7.464375,6.6775,17.39
2127,9.484375,8.2,8.916875,7.981875,7.47125,6.545625,17.86
2129,9.48625,8.255,8.93375,8.1325,7.505625,6.486875,17.73
2131,9.51125,8.186875,8.806875,8.188125,7.606875,6.3,17.9
2133,9.52,8.186875,8.806875,8.04625,7.598125,6.241875,18.09
2138,9.471875,8.27625,8.863125,7.929375,7.541875,6.3175,18.33
2140,9.45125,8.296875,8.840625,7.929375,7.519375,6.3625,18.5
2144,9.39625,8.206875,8.851875,7.811875,7.515625,6.4175,19.03
2146,9.413125,8.19,8.851875,7.793125,7.534375,6.4175,19.2
2147,9.413125,8.1,8.863125,7.683125,7.523125,6.4175,19.47
2150,9.42875,7.863125,8.764375,7.52,7.49625,6.3275,19.98
2158,9.300625,8.004375,8.78375,7.67125,7.739375,6.300625,19.37
2167,9.570625,8.045625,8.78375,8.0,7.941875,6.858125,17.68
2169,9.57875,8.034375,8.795,7.994375,7.96,6.8375,17.73
2170,9.46875,8.02875,8.800625,7.885625,7.86875,6.7475,17.99
2171,9.56625,8.04125,8.690625,7.885625,7.86875,6.7475,17.99
2178,9.65125,8.33375,8.6225,8.349375,7.84,7.203125,16.61
2181,9.656875,8.54,8.735,8.4275,7.8275,7.213125,15.9
2183,9.6625,8.441875,8.523125,8.530625,7.731875,7.31,15.9
2185,9.6625,8.530625,8.440625,8.56,7.6225,7.38375,15.92
2187,9.58875,8.5625,8.4075,8.535,7.52125,7.385,15.97
2191,9.689375,8.52,8.418125,8.51875,7.473125,7.380625,16.29
2192,9.591875,8.421875,8.41375,8.5175,7.474375,7.380625,16.56
2194,9.616875,8.239375,8.311875,8.395,7.463125,7.37375,17.1
2196,9.52625,8.101875,8.314375,8.44125,7.463125,7.353125,17.45
2197,9.6,8.074375,8.328125,8.3825,7.475625,7.339375,17.53
2200,9.395,7.904375,8.56375,8.3075,7.43625,7.393125,17.78
2201,9.279375,7.82,8.66,8.398125,7.54,7.5025,17.78
2203,9.28625,7.633125,8.860625,8.37875,7.726875,7.714375,17.78
2204,9.219375,7.543125,8.848125,8.245,7.750625,7.79375,17.93
2205,9.274375,7.453125,8.738125,8.250625,7.745,7.93875,17.93
2206,9.140625,7.45625,8.848125,8.2475,7.745,7.9625,17.93
2208,8.934375,7.2625,9.04875,8.2475,7.854375,8.0525,17.93
2209,8.84125,7.255625,9.005625,8.3575,7.8975,8.2425,17.86
2211,8.750625,7.23625,8.968125,8.42,8.0375,8.1875,18.0
2215,8.74875,7.18375,9.308125,8.595,8.373125,8.59125,17.2
2216,8.65125,7.19625,9.37625,8.5825,8.374375,8.419375,17.47
2218,8.5525,7.113125,9.48625,8.479375,8.349375,8.419375,17.47
2219,8.42,7.01625,9.52625,8.37625,8.309375,8.351875,17.58
2222,8.608125,7.03,9.666875,8.36375,8.3875,8.34375,17.09
2223,8.718125,7.12,9.55125,8.40375,8.3475,8.259375,17.09
2225,8.983125,7.03,9.2975,8.371875,8.559375,8.158125,17.09
2226,8.983125,6.94,9.1875,8.3525,8.57875,8.158125,17.09
2227,8.8075,6.915625,9.060625,8.34,8.59125,8.085,17.16
2229,8.610625,6.8325,8.949375,8.273125,8.595625,7.93875,17.56
2230,8.500625,6.75375,8.828125,8.331875,8.505625,8.08,17.56
2231,8.41875,6.7125,8.983125,8.173125,8.4775,8.235,17.56
2234,8.293125,6.629375,8.93875,8.28875,8.505625,8.344375,17.68
2235,8.293125,6.629375,8.8175,8.296875,8.426875,8.33625,17.95
2237,8.293125,6.595,8.690625,8.325625,8.35375,8.341875,18.36
2238,8.306875,6.574375,8.569375,8.34625,8.275,8.328125,18.58
2240,8.308125,6.5675,8.326875,8.3325,8.1175,8.3475,18.96
2241,8.253125,6.664375,8.205625,8.435625,8.03875,8.2025,18.96
2243,8.239375,6.678125,8.033125,8.42,8.054375,8.175,18.99
2245,8.238125,6.691875,7.813125,8.425,8.036875,7.995,19.53
2246,8.11125,6.70875,7.813125,8.4275,8.034375,7.905,19.63
2248,7.99,6.88875,7.801875,8.63375,8.070625,7.815,19.63
2249,7.88,6.88875,7.790625,8.63375,8.081875,7.725,19.63
2250,7.88125,6.905625,7.790625,8.50125,8.08625,7.635,19.88
2252,7.900625,6.965,7.790625,8.465625,8.078125,7.6,19.96
2256,7.84625,6.910625,7.826875,8.411875,7.9425,7.461875,20.51
2258,7.87125,6.90625,7.8175,8.400625,7.9425,7.461875,20.73
2260,7.739375,6.90625,7.784375,8.400625,7.846875,7.5225,21.01
2262,7.6475,6.809375,7.75125,8.27125,7.75125,7.569375,21.55
2263,7.653125,6.7125,7.731875,8.168125,7.758125,7.57625,21.82
2265,7.63125,6.629375,7.608125,7.9675,7.553125,7.610625,22.36
2266,7.623125,6.606875,7.630625,7.87,7.450625,7.61875,22.63
2267,7.615,6.6275,7.630625,7.7725,7.348125,7.60625,22.84
2269,7.615,6.54875,7.619375,7.675,7.348125,7.59375,22.97
2272,7.62625,6.56375,7.7925,7.8825,7.54875,7.78625,22.51
2275,7.631875,6.508125,7.71875,7.87125,7.439375,7.830625,22.66
2276,7.631875,6.508125,7.736875,7.87125,7.439375,7.8125,22.88
2280,7.666875,6.5125,7.626875,7.81125,7.499375,7.683125,23.44
2284,7.516875,6.70625,7.846875,7.914375,7.66125,7.554375,22.98
2291,7.435,6.723125,8.02,7.90875,8.043125,7.47,22.24
2295,7.59375,7.110625,8.164375,7.995,8.075625,7.460625,21.43
2296,7.575625,7.17625,8.054375,7.929375,8.088125,7.37625,21.62
2300,7.684375,7.476875,7.860625,7.95875,8.158125,7.26125,21.26
2311,8.42375,8.248125,7.951875,8.315625,8.4725,7.388125,18.36
2312,8.41125,8.261875,7.963125,8.314375,8.4725,7.376875,18.1
2314,8.3,8.289375,7.83125,8.311875,8.429375,7.238125,18.62
2315,8.19,8.289375,7.85625,8.214375,8.326875,7.123125,18.89
2316,8.19,8.276875,7.87,8.22,8.223125,7.22,18.89
2318,8.278125,8.353125,7.98,8.11,8.196875,7.281875,18.89
2320,8.284375,8.42375,7.999375,8.041875,8.084375,7.56625,18.95
2321,8.259375,8.41125,8.0075,7.944375,8.109375,7.468125,19.14
2322,8.138125,8.4225,7.968125,7.990625,8.063125,7.4175,19.31
2324,7.918125,8.4225,8.188125,7.79,7.86375,7.4175,19.31
2325,7.89125,8.5125,8.298125,7.73875,7.915,7.444375,19.27
2327,7.89125,8.6925,8.493125,7.7775,7.90125,7.444375,19.27
2328,7.89125,8.7825,8.590625,7.796875,7.894375,7.444375,19.27
2329,7.89125,8.798125,8.575,7.70625,7.785,7.444375,19.27
2331,7.863125,8.946875,8.689375,7.75625,7.813125,7.33125,19.15
2333,7.76,9.0325,8.749375,7.80625,7.765625,7.08625,19.36
2334,7.656875,9.02,8.761875,7.810625,7.76125,6.989375,19.36
2336,7.56375,9.02,8.755,7.833125,7.85375,6.974375,19.29
2340,7.5525,9.03,9.085,7.833125,8.210625,6.88875,18.62
2341,7.655625,9.035625,9.085,7.8275,8.3075,6.88875,18.62
2343,7.54,9.05375,9.140625,7.821875,8.3075,6.73625,18.87
2345,7.456875,9.065,9.335625,7.810625,8.390625,6.94125,18.62
2346,7.51875,9.059375,9.34125,7.7075,8.431875,6.94125,18.62
2348,7.615,9.073125,9.45125,7.61,8.418125,7.0325,18.42
2350,7.499375,9.16875,9.45125,7.81625,8.431875,7.0325,18.42
2352,7.48,9.18,9.45125,7.9675,8.445625,7.075625,18.43
2369,7.641875,9.681875,9.49125,8.85375,9.319375,7.211875,14.88
2375,7.64,9.661875,9.6175,8.865,9.44125,7.174375,14.51
2376,7.536875,9.661875,9.58,8.865,9.344375,7.211875,14.56
2379,7.4675,9.61,9.643125,8.919375,9.206875,7.353125,14.51
2392,7.711875,9.613125,9.51375,8.75875,9.065,7.7375,13.94
2399,7.810625,9.55125,9.748125,8.775,9.005,7.91,13.28
2400,7.7075,9.5375,9.760625,8.78875,8.9925,7.813125,13.55
2404,7.604375,9.503125,9.810625,8.73125,8.9425,7.808125,13.85
2408,7.604375,9.475625,9.860625,8.63875,8.8925,7.728125,14.28
2423,8.183125,9.49625,9.9975,9.229375,9.38,8.31375,11.26
2436,9.3425,9.529375,9.9625,9.46375,9.700625,9.20125,8.06
2437,9.360625,9.52375,10.065625,9.469375,9.700625,9.28,7.95
2440,9.22875,9.525,10.045,9.458125,9.73125,9.211875,8.29
2442,9.198125,9.35,10.25125,9.4525,9.73125,9.416875,8.19
2443,9.198125,9.2475,10.25125,9.458125,9.73125,9.51375,8.19
2445,9.0625,9.0425,10.256875,9.4625,9.6675,9.508125,8.44
2446,9.000625,8.958125,10.23875,9.55875,9.633125,9.610625,8.44
2448,8.850625,8.965,10.21125,9.6425,9.6675,9.663125,8.52
2449,8.971875,8.971875,10.204375,9.6425,9.6675,9.741875,8.52
2452,8.955,8.9925,10.18375,9.635625,9.674375,9.75875,8.39
2454,8.86,8.97875,10.214375,9.633125,9.676875,9.636875,8.76
2456,8.735,8.974375,10.2075,9.67,9.62625,9.586875,9.13
2457,8.644375,8.96875,10.2075,9.66875,9.620625,9.49,9.41
2460,8.56625,8.951875,10.2075,9.665,9.60375,9.405625,9.89
2476,8.97375,8.979375,10.21875,9.580625,9.809375,9.238125,9.34
2486,8.979375,8.975625,10.270625,9.641875,9.913125,9.019375,9.05
2506,9.2625,8.994375,10.2275,9.87125,9.954375,9.09,7.57
2508,9.171875,8.903125,10.2275,9.876875,9.941875,9.07875,7.86
2514,9.13125,8.835,10.28125,9.910625,9.89375,8.948125,8.2
2531,9.205625,8.898125,10.26625,10.034375,9.784375,8.81125,8.2
2540,9.36375,8.93375,10.245625,10.068125,9.784375,8.804375,7.73
2561,10.63375,9.351875,10.120625,10.029375,9.87875,9.385625,3.3
2581,10.725625,9.456875,10.05625,10.18,9.798125,9.383125,2.97
2591,10.725625,9.466875,10.025625,10.201875,9.7775,9.4025,3.15
2598,10.716875,9.484375,10.008125,10.15375,9.825625,9.21125,3.43
2614,11.179375,9.699375,9.921875,10.060625,9.975625,8.963125,2.8
2625,11.190625,9.658125,9.95875,9.995625,10.00375,8.793125,2.9
2643,11.18125,9.38,10.294375,10.130625,9.859375,8.754375,2.45
2665,11.100625,9.18375,10.76,10.24875,9.70375,8.603125,2.65
2693,11.158125,8.87625,11.11125,10.278125,9.51125,8.865,1.99
2713,10.803125,8.70375,11.161875,10.393125,9.380625,9.3575,1.98
2733,10.79,8.7775,10.970625,10.370625,9.490625,9.600625,1.87
2753,10.82375,8.926875,10.745625,10.248125,9.53375,9.721875,1.79
2782,10.945,9.07375,10.396875,10.264375,9.598125,9.721875,1.7
2793,10.95875,9.0975,10.318125,10.264375,9.64625,9.715,1.95
2823,10.894375,9.130625,10.3125,10.264375,9.628125,9.77,1.71
2852,10.94125,9.130625,10.3125,10.3125,9.63625,9.666875,1.55
2874,10.920625,9.254375,10.340625,10.306875,9.621875,9.555625,1.65
2905,10.87375,9.26125,10.41125,10.306875,9.543125,9.60375,1.4
2915,10.956875,9.235625,10.389375,10.306875,9.54875,9.5625,1.57
2916,10.846875,9.145625,10.389375,10.306875,9.54875,9.5625,1.86
2923,10.866875,9.140625,10.36125,10.27875,9.576875,9.575625,2.29
2936,10.90625,9.14625,10.305,10.205625,9.588125,9.64875,2.61
2956,10.945625,9.01,10.310625,10.171875,9.58875,9.773125,2.67
2981,10.96625,8.906875,10.261875,10.1775,9.61,9.8775,2.62
2999,11.0075,8.9825,10.219375,10.15125,9.69375,9.745625,2.74
3001,10.938125,8.99625,10.219375,10.15125,9.69375,9.60125,3.24
3020,11.031875,9.0725,10.370625,10.17375,9.666875,9.484375,2.54
3040,11.076875,9.2075,10.449375,10.28625,9.65125,9.12875,2.33
3060,11.056875,9.37375,10.46625,10.303125,9.63375,8.96625,2.32
3080,11.056875,9.4975,10.520625,10.303125,9.606875,8.815,2.45
3088,11.056875,9.531875,10.520625,10.303125,9.606875,8.780625,2.5
3100,11.021875,9.47,10.54875,10.329375,9.545625,8.884375,2.58
3101,11.131875,9.463125,10.54875,10.22625,9.545625,8.884375,2.58
3104,11.021875,9.500625,10.5375,10.209375,9.54,8.790625,2.94
3106,10.801875,9.320625,10.515,10.209375,9.54,8.813125,3.5
3107,10.691875,9.3275,10.51625,10.20375,9.53875,8.721875,3.78
3110,10.581875,9.34125,10.50625,10.209375,9.533125,8.628125,4.29
3111,10.471875,9.348125,10.500625,10.209375,9.533125,8.536875,4.57
3115,10.471875,9.348125,10.478125,10.126875,9.533125,8.441875,5.03
3118,10.471875,9.315625,10.46125,10.16625,9.533125,8.451875,5.37
3119,10.361875,9.3225,10.444375,10.160625,9.55,8.360625,5.65
3123,10.130625,9.3475,10.4125,10.149375,9.570625,8.189375,6.22
3126,10.0625,9.3475,10.391875,10.149375,9.59125,8.2575,6.25
3128,9.89,9.3475,10.378125,10.149375,9.605,8.23,6.66
3134,9.74625,9.3475,10.37125,10.149375,9.611875,8.17375,7.05
3135,9.740625,9.340625,10.37125,10.04625,9.611875,8.089375,7.33
3142,9.6375,9.299375,10.37125,10.06,9.655,8.176875,7.76
3160,9.629375,9.186875,10.365625,10.054375,9.7,8.26375,7.83
3169,9.629375,9.125,10.331875,10.054375,9.73375,8.325625,7.83
3171,9.409375,9.130625,10.331875,10.04875,9.54,8.339375,8.39
3173,9.33875,8.9875,10.331875,10.02375,9.565,8.353125,8.8
3174,9.22875,8.890625,10.331875,10.018125,9.570625,8.36,9.08
3176,9.00875,8.890625,10.331875,10.018125,9.376875,8.37375,9.64
3177,8.89875,8.890625,10.331875,10.018125,9.28,8.380625,9.92
3178,8.78875,8.890625,10.331875,10.018125,9.183125,8.3875,10.2
3180,8.56875,8.890625,10.331875,10.0125,8.989375,8.406875,10.76
3181,8.45875,8.79375,10.32625,10.006875,8.995,8.419375,11.04
3183,8.395,8.740625,10.320625,9.995625,8.90375,8.444375,11.44
3187,8.4175,8.6975,10.298125,9.984375,8.92625,8.47625,11.83
3199,8.301875,8.709375,10.28125,9.996875,8.924375,8.38625,11.82
3200,8.28125,8.71625,10.28125,9.996875,8.924375,8.4,11.96
3210,8.885625,8.78375,10.26625,10.11125,8.949375,8.80375,10.41
3211,8.885625,8.686875,10.26625,10.11125,8.949375,8.900625,10.41
3216,8.775625,8.63625,10.26625,10.175,8.921875,9.025,10.23
3225,9.105625,8.576875,10.300625,10.248125,8.825625,9.343125,9.44
3227,9.156875,8.473125,10.314375,10.261875,8.798125,9.395625,9.54
3230,9.318125,8.41875,10.328125,10.31625,8.76375,9.455,9.28
3238,9.318125,8.30125,10.335,10.350625,8.7225,9.5725,8.99
3239,9.381875,8.294375,10.335,10.385625,8.665625,9.5375,9.11
3241,9.381875,8.294375,10.329375,10.179375,8.56875,9.44625,9.65
3242,9.271875,8.294375,10.329375,10.18625,8.471875,9.44625,9.92
3247,9.170625,8.231875,10.374375,10.21625,8.450625,9.35625,10.37
3251,9.204375,8.231875,10.374375,10.24375,8.450625,9.295,10.42
3262,9.094375,8.228125,10.374375,10.2575,8.47125,9.174375,10.88
3282,10.375,8.48375,10.38,10.393125,9.34125,9.026875,7.4
3287,10.2575,8.545625,10.37375,10.444375,9.3475,9.03125,7.12
3288,10.2575,8.544375,10.379375,10.445625,9.341875,9.03125,7.12
3292,10.19375,8.38875,10.424375,10.471875,9.3625,8.95875,7.72
3308,10.25,8.4325,10.414375,10.575,9.37625,8.751875,7.18
3316,10.509375,8.605625,10.42,10.609375,9.396875,8.65875,6.45
3319,10.48875,8.605625,10.42,10.609375,9.410625,8.665625,6.62
3336,10.475,8.815,10.424375,10.67875,9.3275,8.679375,5.9
3355,10.7625,8.856875,10.385,10.895625,9.405,9.095,3.82
3379,10.768125,8.874375,10.34,10.964375,9.206875,9.24625,3.74
3412,10.878125,9.009375,10.508125,10.975625,8.959375,9.469375,2.32
3446,11.005625,9.01375,10.725,11.01,9.00125,9.244375,1.31
3465,11.0,8.804375,11.058125,11.003125,9.01375,9.120625,1.26
3469,10.89,8.759375,11.130625,11.003125,8.92375,9.093125,1.61
3471,10.78,8.773125,11.130625,10.978125,8.83375,9.104375,2.0
3481,10.78,8.683125,11.08375,10.86125,8.894375,9.0975,2.38
3498,10.71125,8.7725,11.00125,10.73625,8.940625,9.238125,2.59
3503,10.735,8.84125,10.96125,10.6675,8.9475,9.2475,2.75
3504,10.625,8.86875,10.93375,10.6775,8.8575,9.2375,3.04
3506,10.515,8.86875,10.93375,10.6775,8.7675,9.2375,3.56
3507,10.405,8.86875,10.93375,10.6775,8.6775,9.2375,3.85
3509,10.185,8.86875,10.93375,10.6775,8.4975,9.2375,4.43
3510,10.075,8.86875,10.93375,10.6775,8.4075,9.2375,4.72
3512,9.855,8.86875,10.93375,10.6775,8.2275,9.2375,5.3
3513,9.745,8.86875,10.926875,10.6775,8.1375,9.244375,5.59
3515,9.525,8.86875,10.913125,10.6775,7.9575,9.258125,6.17
3516,9.415,8.86875,10.90625,10.6775,7.8675,9.265,6.46
3518,9.195,8.86875,10.899375,10.6775,7.6875,9.271875,7.04
3520,9.085,8.86875,10.899375,10.658125,7.616875,9.271875,7.35
3522,9.074375,8.89625,10.899375,10.548125,7.51,9.271875,7.74
3524,8.998125,8.89625,10.9275,10.548125,7.38625,9.24375,8.22
3537,8.888125,8.89625,10.906875,10.548125,7.29625,9.264375,8.5
3571,9.108125,9.13,10.751875,10.59125,7.424375,9.194375,7.56
3596,9.176875,9.15125,11.00875,10.85625,7.256875,8.95,7.12
3624,10.89,8.985625,11.146875,11.05,8.8125,8.915,1.54
3643,10.989375,8.96875,11.1675,11.015625,8.9025,8.95625,1.45
3673,11.04,8.89,11.05875,11.01,8.95875,9.0425,1.48
3680,11.04,8.89,11.05875,10.970625,8.998125,9.0425,1.47
3690,10.985,8.855,11.065625,10.795625,9.00125,9.0975,1.98
3696,10.985,8.76875,11.0375,10.665,9.00125,9.1425,2.3
3721,10.950625,8.76125,11.043125,10.65125,9.00125,9.1925,2.42
3738,10.971875,8.80625,11.043125,10.685625,8.928125,9.165,2.47
3760,10.89375,8.789375,11.099375,10.696875,8.928125,9.1925,2.47
3765,10.910625,8.775,11.140625,10.67375,8.928125,9.171875,2.57
3767,10.91625,8.759375,11.184375,10.45375,8.804375,9.081875,3.15
3768,10.94,8.7525,11.074375,10.326875,8.714375,8.991875,3.42
3769,10.94,8.7525,10.964375,10.301875,8.739375,8.901875,3.71
3775,10.94,8.7525,10.744375,10.235625,8.805625,8.721875,4.37
3776,10.94,8.735625,10.744375,10.2525,8.805625,8.721875,4.53
3781,10.94,8.735625,10.725,10.2525,8.818125,8.72875,4.74
3782,10.94,8.72875,10.718125,10.149375,8.728125,8.735625,4.86
3785,10.995,8.625,10.49125,10.163125,8.638125,8.6875,5.42
3787,10.995,8.625,10.4775,10.163125,8.638125,8.70125,5.68
3788,10.995,8.619375,10.47625,10.06,8.638125,8.61125,5.96
3792,11.011875,8.57625,10.47625,9.95125,8.663125,8.52125,6.45
3794,11.023125,8.599375,10.47625,9.91,8.67,8.52125,6.54
3796,10.913125,8.70625,10.349375,10.0175,8.6725,8.34125,6.83
3798,10.958125,8.70625,10.309375,10.0175,8.7125,8.29625,7.05
3800,10.85375,8.724375,10.296875,10.000625,8.72375,8.200625,7.41
3803,10.766875,8.78875,10.319375,9.96875,8.755625,8.200625,7.86
3804,10.76125,8.82875,10.319375,9.85875,8.755625,8.07625,8.14
3806,10.54125,8.84125,10.319375,9.84625,8.755625,7.89625,8.7
3807,10.43125,8.84125,10.319375,9.84625,8.755625,7.80625,8.98
3810,10.32125,8.849375,10.319375,9.838125,8.755625,7.71625,9.56
3813,10.21125,8.875625,10.319375,9.811875,8.755625,7.62625,10.03
3821,10.25625,8.871875,10.319375,9.756875,8.755625,7.64,10.23
3822,10.14625,8.781875,10.319375,9.75,8.755625,7.646875,10.51
3823,10.114375,8.81375,10.319375,9.76,8.755625,7.636875,10.75
3825,9.91375,8.86625,10.3125,9.6375,8.813125,7.456875,11.31
3826,9.91375,8.86625,10.305625,9.5275,8.82,7.366875,11.48
3829,9.948125,8.86625,10.305625,9.25375,8.82,7.20625,12.06
3834,9.970625,8.89375,10.2775,9.21375,8.848125,7.19625,12.39
3843,10.043125,8.94875,10.2775,9.164375,8.848125,7.118125,12.57
3844,9.995,8.996875,10.2775,9.054375,8.848125,7.028125,12.86
3853,10.011875,9.019375,10.238125,8.939375,8.848125,6.943125,13.38
3875,9.965625,9.1125,10.62875,9.395,8.970625,7.3275,11.61
3885,9.965625,9.37125,10.881875,9.53625,9.138125,7.306875,10.09
3887,9.745625,9.2675,10.895625,9.44,9.138125,7.113125,10.39
3888,9.635625,9.17625,10.896875,9.5375,9.138125,7.215625,10.39
3893,9.503125,9.185625,10.91375,9.674375,9.100625,7.2225,10.32
3899,9.6725,9.124375,11.043125,9.738125,9.084375,7.5375,9.17
3901,9.5075,8.9625,11.055625,9.755,9.059375,7.46,9.38
3902,9.42375,8.943125,11.055625,9.760625,9.046875,7.37,9.51
3904,9.24375,8.939375,11.033125,9.86375,9.04,7.28,9.76
3905,9.24375,8.939375,11.033125,9.86375,9.04,7.28,9.76
3907,9.370625,8.8325,11.033125,9.734375,9.04,7.389375,9.76
3909,9.480625,8.825625,11.033125,9.61875,9.04,7.401875,9.56
3912,9.480625,8.824375,11.020625,9.613125,9.046875,7.414375,9.53
3930,9.766875,8.830625,10.9625,10.18125,9.07125,7.7875,7.34
3950,9.809375,8.620625,10.95625,10.499375,9.0875,8.026875,6.47
3968,9.815,8.533125,10.939375,10.5375,9.0875,8.0875,6.3
3970,9.815,8.534375,10.938125,10.5375,9.0875,8.0875,6.54
3972,9.723125,8.42625,10.924375,10.5825,9.094375,8.049375,7.08
3974,9.75125,8.38125,10.96375,10.5825,9.094375,8.026875,7.39
3987,9.97125,8.319375,10.943125,10.549375,9.14125,8.275625,7.12
4004,10.74125,8.481875,10.850625,10.44625,9.26375,8.81625,5.02
4009,10.99625,8.524375,10.83,10.656875,9.3175,9.075,4.01
4016,10.99625,8.505625,10.8425,10.634375,9.24125,9.18,3.92
4036,10.934375,8.535625,10.75125,10.52875,9.34625,9.30375,3.91
4056,10.76,8.783125,10.583125,10.329375,9.4975,9.446875,3.92
4068,10.754375,8.836875,10.5225,10.226875,9.53,9.529375,3.92
4070,10.644375,8.655625,10.52375,10.11,9.53,9.53625,4.26
4072,10.73625,8.76375,10.529375,10.065,9.524375,9.58125,3.84
4074,10.71375,8.785,10.38,9.99875,9.51875,9.60375,4.03
4076,10.558125,8.830625,10.38,10.07,9.511875,9.649375,4.14
4078,10.459375,8.729375,10.39375,10.05875,9.498125,9.660625,4.5
4079,10.465,8.6325,10.290625,9.955625,9.4925,9.56375,4.77
4080,10.355,8.5425,10.313125,9.95,9.505,9.534375,5.05
4082,10.250625,8.40375,10.203125,10.0,9.511875,9.430625,5.61
4083,10.25625,8.41625,10.190625,9.994375,9.50625,9.43625,5.89
4084,10.14625,8.423125,10.189375,9.994375,9.5075,9.339375,6.17
4086,9.92625,8.243125,10.14375,10.025,9.48375,9.378125,6.73
4090,9.905625,8.2775,10.07625,10.0525,9.516875,9.37125,6.96
4091,9.89875,8.2775,10.083125,9.949375,9.516875,9.274375,7.24
4093,9.78875,8.0975,9.876875,9.84625,9.51,9.080625,7.8
4094,9.67875,8.0075,9.876875,9.84625,9.51,9.080625,8.08
4095,9.67875,7.9175,9.88375,9.743125,9.503125,9.07375,8.36
4096,9.56875,7.8275,9.890625,9.72375,9.5225,9.066875,8.64
4098,9.34875,7.731875,9.949375,9.704375,9.541875,8.92375,9.2
4100,9.2675,7.78,9.96875,9.61375,9.516875,8.853125,9.56
4103,9.07,7.78,10.034375,9.68,9.405625,8.83,9.9
4104,9.109375,7.78,10.04125,9.685625,9.4,8.78375,10.1
4106,9.01625,7.786875,10.048125,9.705,9.380625,8.663125,10.57
4108,9.05,7.800625,10.04125,9.601875,9.28375,8.6225,11.05
4109,9.031875,7.81875,10.02875,9.49875,9.289375,8.5325,11.16
4111,9.209375,7.74125,10.0275,9.39,9.380625,8.45125,11.33
4113,9.061875,7.76625,10.0275,9.37875,9.380625,8.385,11.65
4114,8.951875,7.739375,10.0275,9.4125,9.37375,8.295,11.93
4115,8.951875,7.739375,9.94,9.364375,9.421875,8.3825,12.14
4118,8.731875,7.753125,9.92125,9.37125,9.374375,8.248125,12.75
4121,8.731875,7.7375,9.916875,9.290625,9.360625,8.1625,13.08
4130,8.754375,7.7375,9.958125,9.290625,9.29,8.169375,13.17
4141,8.814375,7.671875,10.111875,9.335,9.12375,8.143125,13.5
4156,8.896875,7.56875,10.231875,9.39,9.045,8.0675,13.5
4158,8.9025,7.56875,10.245625,9.286875,8.935625,8.060625,13.81
4160,8.70375,7.56875,10.259375,9.264375,8.943125,8.060625,14.35
4163,8.70375,7.589375,10.259375,9.175,8.9225,7.95,14.7
4181,9.276875,8.215625,10.24875,9.556875,8.941875,8.16,11.98
4187,9.568125,8.473125,10.404375,9.48875,8.936875,8.32875,10.43
4189,9.361875,8.445625,10.431875,9.475,8.756875,8.32875,10.96
4191,9.299375,8.4525,10.321875,9.57125,8.73625,8.41875,11.14
4203,10.11875,8.945625,10.453125,9.8275,8.731875,8.923125,8.63
4204,10.0725,8.9525,10.343125,9.821875,8.640625,8.969375,8.71
4206,10.055625,8.9525,10.268125,9.82875,8.446875,9.048125,8.8
4207,9.92875,8.9525,10.275,9.82875,8.35,9.065,8.88
4209,9.768125,8.979375,10.280625,10.04875,8.3375,9.185625,8.76
4210,9.613125,9.069375,10.281875,10.15875,8.33625,9.140625,8.76
4212,9.57375,8.89875,10.281875,10.10875,8.404375,9.1325,8.8
4214,9.695,8.913125,10.281875,10.080625,8.303125,9.32625,8.64
4224,9.895625,8.921875,10.440625,10.2025,8.27375,9.465625,7.75
4228,9.785625,8.921875,10.440625,10.2025,8.18375,9.465625,8.04
4230,9.688125,8.935625,10.438125,10.2025,8.08125,9.454375,8.38
4231,9.544375,8.935625,10.438125,10.2025,8.025,9.454375,8.41
4232,9.434375,8.935625,10.438125,10.209375,7.935,9.4475,8.68
4244,9.434375,8.980625,10.296875,10.2075,7.860625,9.42,8.99
4253,9.455,8.980625,10.325,10.23875,7.808125,9.3925,8.99
4255,9.345,8.890625,10.33625,10.12875,7.796875,9.3025,9.54
4257,9.345,8.890625,10.330625,10.065,7.8925,9.27625,9.63
4258,9.339375,8.800625,10.33625,9.961875,7.8925,9.269375,9.88
4264,9.54375,8.786875,10.375,10.0275,7.914375,9.3525,9.21
4266,9.54375,8.786875,10.38875,9.8075,7.734375,9.33875,9.77
4267,9.43375,8.786875,10.395625,9.800625,7.644375,9.33875,10.05
4269,9.37125,8.751875,10.420625,9.788125,7.644375,9.22375,10.56
4274,9.376875,8.753125,10.46125,9.78125,7.68875,9.13875,10.75
4276,9.363125,8.676875,10.48625,9.67125,7.681875,9.120625,11.16
4277,9.363125,8.586875,10.49875,9.568125,7.675,9.108125,11.44
4278,9.253125,8.57,10.54875,9.465,7.578125,8.985,11.72
4279,9.143125,8.553125,10.578125,9.494375,7.48125,8.95,12.0
4281,8.923125,8.56,10.648125,9.48875,7.435,8.745,12.56
4293,9.246875,8.498125,10.811875,9.424375,7.759375,8.659375,11.68
4298,9.2525,8.488125,10.811875,9.355,7.681875,8.610625,11.96
4301,9.17875,8.361875,10.811875,9.355,7.681875,8.610625,12.19
4303,9.063125,8.29125,10.701875,9.38125,7.578125,8.584375,12.49
4304,8.96,8.194375,10.701875,9.38125,7.578125,8.584375,12.49
4316,9.553125,8.319375,10.7975,9.3975,7.955625,8.776875,10.15
4317,9.443125,8.319375,10.7975,9.391875,7.865625,8.7825,10.42
4320,9.3025,8.32625,10.7975,9.391875,7.60625,8.775625,11.03
4321,9.3275,8.32625,10.7975,9.391875,7.58125,8.775625,11.31
4323,9.2175,8.32625,10.7975,9.391875,7.49125,8.775625,11.66
4339,9.65625,8.361875,10.9275,9.37,7.87,8.814375,10.15
4358,9.75125,8.57875,10.910625,9.679375,7.920625,8.959375,8.94
